categoria,sku,estoque,custo_unit,preco_venda,ultima_venda,dias_sem_vender,valor_estoque_parado_R$
ACHOCOLATADO,"NESTLE ALPINO CHOCOLATE AO LEITE 1,3KG",4780.0,0.224946,5.2,,9999,1075.24
CHOCOLATE NESTLE,"NESTLE KIT KAT PAPAI EM PÓ 1,3KG",3000.0,0.209603,8.5,,9999,628.81
JTI,WINSTON DOUBLE MINT BOX,52.0,11.185785,12.25,2026-04-30,12,581.66
ISQUEIROS,ISQUEIRO BIC GRANDE,102.0,5.49,7.99,2026-05-10,2,559.98
JTI,DJARUM BLACK ICE BOX,27.0,18.918546,20.5,2026-05-06,6,510.8
ACHOCOLATADO,"ACHOCOLATADO NESTLE DOIS FRADES 1,3KG",2500.0,0.196538,5.2,2025-10-11,213,491.34
CAFÉ,"NESCAFÉ ALEGRIA CAPUCCINO 1,3KG",2067.0,0.205442,8.5,2023-09-06,979,424.65
SORVETE KIBON,KIBON MAGNUM PISTACHE 64G,27.0,14.781169,21.9,2026-04-30,12,399.09
JTI,DJARUM BLACK KRETEK MENTOL,21.0,18.533119,20.5,2026-05-07,5,389.2
CAFÉ,"CAFE NESCAFE CAPPUCCINO CLASSIC CANELA 1,3KG",1652.0,0.195682,7.0,2020-06-22,2150,323.27
JTI,CAMEL YELLOW TROPICAL,20.0,13.815024,15.0,2026-05-09,3,276.3
CAFÉ,NESCAFÉ ALEGRIA EXPRESSO 500GR,884.4,0.30366,6.0,2026-05-09,3,268.56
CIGARRILHAS,CIGARRO CAMEL RED DUNE,18.0,13.815,15.0,2026-05-09,3,248.67
JTI,WINSTON SILVER,29.0,8.519252,9.25,2026-05-03,9,247.06
SORVETE KIBON,KIBON MAGNUM CLASSICO,17.0,13.43945,19.9,2026-05-05,7,228.47
CHOCOLATE FERRERO,FERRERO ROCHER 3UN,27.0,8.426941,14.99,2026-04-28,14,227.53
DOCES DIVERSOS,PICOLE PIRACANJUBA PRO FORCE COCO C/CHOCOLATE BRANCO 75G,19.0,10.778,16.75,2026-04-04,38,204.78
CERVEJA AMBEV,STELLA ARTOIS LONG NECK 330ML,38.0,5.372611,10.99,2026-05-10,2,204.16
DOCES DIVERSOS,AVARE PINGO DE LEITE 10G,205.0,0.966773,2.99,2026-05-09,3,198.19
JTI,WINSTON X STYLE BLUE,23.0,8.478055,9.0,2026-05-04,8,195.0
MENTOS,MENTOS KISS MINT 35GR,22.0,8.612024,19.99,2026-05-06,6,189.46
SOUZA CRUZ,DUNHILL INSIGNIA FULL RED BOX,17.0,11.106833,12.75,2026-05-03,9,188.82
SORVETE JUNDIÁ,SORVETE JUNDIÁ CHOCOBAR,33.0,5.703411,10.5,2026-05-09,3,188.21
CHOCOLATE FERRERO,FERRERO ROCHER RAFFAELLO 3UN,23.0,7.998676,13.99,2026-05-09,3,183.97
CHOCOLATE M&M (MARS),MMS CHOCOLATE AO LEITE MINIS TUBO 30G,50.0,3.658403,8.99,2026-05-06,6,182.92
SORVETE JUNDIÁ,SORVETE JUNDIÁ PICOLE JUNDMAX CHOCOLATE BRANCO,21.0,8.575,14.5,2026-05-01,11,180.08
DOCES DIVERSOS,PACOCA ARTESANALSP PREMIUM 60G,101.0,1.770333,4.99,2026-05-09,3,178.8
SORVETE PERFETTO,SORVETE COOL KISS CHOCOLATE BELGA 500ML,6.0,29.538333,43.99,2026-02-11,90,177.23
ISOTÔNICO,GATORADE MORANGO MARACUJA 500ML,37.0,4.693338,11.99,2026-04-29,13,173.65
CERVEJA AMBEV,SKOL BEATS TROPICAL LONG NECK 269ML,23.0,6.7,15.99,2026-04-24,18,154.1
CERVEJA ESPECIAIS,CERVEJA HEINEKEN SLEEKDES LATA ZERO 350ML,32.0,4.764457,9.99,2026-05-09,3,152.46
JTI,CAMEL PURPLE BEACH BOX,11.0,13.813949,15.0,2026-05-09,3,151.95
CERVEJA ESPECIAIS,CERVEJA SPATEN 269ML,50.0,3.035524,6.99,2026-05-06,6,151.78
MENTOS,MENTOS KISS XTREME FROZEN 35GR,17.0,8.702167,19.99,2026-05-06,6,147.94
DOCES DIVERSOS,PINGO BEL DOCE COM LEITE 50G,69.0,2.142857,4.99,2026-05-08,4,147.86
SORVETE KIBON,KIBON MAGNUM CHOCOLATE BRANCO,11.0,13.191701,19.9,2026-05-07,5,145.11
SORVETE KIBON,SORVETE KIBON TABLITO 3 CHOCOLATES 72G,18.0,7.83165,12.9,2026-05-06,6,140.97
SORVETE JUNDIÁ,SORVETE JUNDIÁ MILK COCO BRANCO,34.0,4.081692,9.0,2026-05-06,6,138.78
UTILIDADES DOMESTICAS,BARALHO COPAG 139,9.0,15.316297,28.99,2026-05-09,3,137.85
SORVETE KIBON,KIBON CORNETTO CROCANTE 90ML,17.0,7.871661,16.9,2026-05-09,3,133.82
CERVEJA AMBEV,SKOL LATA 473ML,44.0,3.03818,7.99,2026-05-09,3,133.68
SORVETE KIBON,KIBON FRUTTARE LIMAO 58ML,24.0,5.566526,10.9,2026-05-06,6,133.6
ENERGÉTICO,ENERGETICO MONSTER ULTRA PEACHY KEEN ZERO 473ML,18.0,7.398691,17.99,2026-05-09,3,133.18
SORVETE JUNDIÁ,SORVETE JUNDIA DADINHO 70G,23.0,5.710385,10.5,2026-04-25,17,131.34
SORVETE JUNDIÁ,SORVETE JUNDIÁ NAPOLITANO,27.0,4.7875,11.5,2026-04-30,12,129.26
SORVETE KIBON,"KIBON SUNDAE CHOCOLATE 1,4L",4.0,31.9975,49.99,2026-03-08,65,127.99
ENERGÉTICO,ENERGETICO RED BULL SUGGAR FREE 250ML,17.0,7.508182,17.99,2026-05-07,5,127.64
CERVEJA FEMSA,HEINEKEN LATA LAGER 350ML,27.0,4.716705,11.99,2026-05-10,2,127.35
SORVETE KIBON,KIBON FRUTTARE COCO,22.0,5.74041,10.9,2026-04-09,33,126.29
VODKA,VODKA SMIRNOFF ICE RED LONG NECK 275ML,19.0,6.579555,15.99,2026-05-10,2,125.01
SORVETE KIBON,SORVETE KIBON MINI DOCE DE LEITE 92G,10.0,11.66849,17.9,2026-04-14,28,116.68
SORVETE JUNDIÁ,PICOLE JUNDIA MAX PISTACHE 75G,12.0,9.6675,14.5,2026-05-04,8,116.01
SOUZA CRUZ,LUCKY STRIKE BLUE AMERICAN ORIGINAL BOX,10.0,11.542,12.5,2025-03-18,420,115.42
CHOCOLATE M&M (MARS),SNICKERS PÉ DE MOLEQUE 42G,33.0,3.394803,7.99,2026-03-24,49,112.03
ENERGÉTICO,ENERGETICO MONSTER ZERO SUGAR 473ML,15.0,7.456667,17.99,2026-05-10,2,111.85
SORVETE KIBON,"KIBON CREMOSISSIMO FLOCOS 1,5L",5.0,21.895319,39.99,2026-03-14,59,109.48
PASTILHAS,"TIC TAC INCRIVEL DUPLA MORANGO 14,5G",54.0,2.010869,4.99,2026-05-08,4,108.59
AGUARDENTES,51 ICE FRUIT MIX MORAN E LARANJ LONG NECK 275ML,22.0,4.767917,11.99,2026-04-26,16,104.89
ENERGÉTICO,MONSTER ENERGY ULTRA VIOLET 473ML,14.0,7.456667,17.99,2026-05-03,9,104.39
SORVETE KIBON,KIBON BRIGADEIRO,14.0,7.383198,13.9,2026-05-06,6,103.36
SORVETE KIBON,KIBON CORNETTO CHOCOMIX 65G,13.0,7.889257,9.99,2026-05-09,3,102.56
JTI,CIGARRO CAMEL KRETEK BERRY,7.0,14.629919,16.0,2026-05-10,2,102.41
CERVEJA ESPECIAIS,CERVEJA IMPERIO PILSEN LATA 473ML,27.0,3.75,7.99,2026-05-09,3,101.25
SORVETE KIBON,SORVETE KIBON FRUTTARE MORANGO 55G,17.0,5.925749,10.9,2026-05-04,8,100.74
SORVETE JUNDIÁ,"SORVETE JUNDIÁ FASCINO TRUFADINHO 1,5LT",4.0,24.54,43.99,2026-03-07,66,98.16
SORVETE KIBON,KIBON UNICORNETTO 59G,9.0,10.872921,16.9,2026-04-26,16,97.86
CERVEJA ESPECIAIS,CERVEJA SPATEN PURO MALTE 330ML,21.0,4.645219,9.99,2026-05-10,2,97.55
REFRIGERANTE,ITUBAINA RETRO ORIGINAL LN 355ML,34.0,2.858333,6.99,2026-05-06,6,97.18
CHOCOLATE LACTA,LACTA 5 STAR 40GR,31.0,3.119098,7.99,2026-04-27,15,96.69
SORVETE JUNDIÁ,SORVETE JUNDIÁ FASCINO GRANCONE 70G,11.0,8.751875,14.75,2026-03-31,42,96.27
SORVETE KIBON,"KIBON SUNDAE LEITE NINHO TRUFADO 1,4L",3.0,31.9975,49.99,2026-03-29,44,95.99
WHISK,WHISKY JOHNNIE WALKER RED LABEL 1LT,1.0,95.3,171.99,2022-12-09,1250,95.3
PASTILHAS,TIC TAC MENTA 16GR,47.0,2.020904,4.99,2026-05-05,7,94.98
SORVETE JUNDIÁ,SORVETE JUNDIÁ COOKIE AND CREAM,11.0,8.574641,14.5,2026-05-07,5,94.32
SORVETE JUNDIÁ,SORVETE JUNDIA MAX DIVINE UN,11.0,8.573706,14.5,2026-04-22,20,94.31
SORVETE JUNDIÁ,SORVETE MY LITTLE PONY BAUNILHA MORANGO E UVA 50G,21.0,4.47375,8.75,2026-05-06,6,93.95
CERVEJA ESPECIAIS,CERVEJA DUPLO MALTE BRAHMA 269ML,33.0,2.812254,5.99,2026-04-30,12,92.8
PASTILHAS,"BALA TIC TAC MENTA FRUTAS 14,5G",48.0,1.928571,4.99,2026-05-08,4,92.57
ISOTÔNICO,GATORADE FRUTAS CITRICAS 500ML,20.0,4.58644,11.99,2026-04-26,16,91.73
SORVETE JUNDIÁ,SORVETE JUNDIÁ FRUTA LIMAO,24.0,3.745667,8.5,2026-04-17,25,89.9
CHOCOLATE FERRERO,KINDER OVO MENINA,11.0,8.121528,18.99,2026-04-12,30,89.34
ISOTÔNICO,GATORADE LIMAO 500ML,19.0,4.692876,11.99,2026-05-10,2,89.16
BATERIA,BATERIA STARLUX ENERGY LITHIUM CR2032 230MAH 3V,53.0,1.657831,3.99,2026-05-02,10,87.87
SORVETE KIBON,KIBON CREMOSISSIMO CHOCOLEITE 4 EM 1 2LTS,3.0,28.965,49.99,2026-04-13,29,86.9
MENTOS,MENTOS PURE FRESH MORANGO GARRAFA 56G,9.0,9.646667,19.99,2026-04-27,15,86.82
MENTOS,MENTOS UP2U GARRAFA TUTTI FRUTTI 56GR,9.0,9.615018,19.99,2026-05-07,5,86.54
PIPOCA,PIPOCA FORMIGAO 40G,71.0,1.216686,2.99,2026-05-06,6,86.38
CERVEJA ESPECIAIS,CERVEJA IMPERIO PILSEN LATA 269ML,36.0,2.399189,4.99,2026-05-06,6,86.37
SORVETE JUNDIÁ,SORVETE JUNDIÁ MILK MILHO VERDE 60GR,21.0,4.111667,9.0,2026-05-03,9,86.35
JTI,WINSTON RED 8 BOX,10.0,8.519158,9.25,2026-05-09,3,85.19
SORVETE JUNDIÁ,SORVETE JUNDIÁ COPAO RADICAL NAPOLITANO,11.0,7.689792,15.0,2026-03-30,43,84.59
SORVETE KIBON,KIBON TABLITO 800ML,3.0,28.1775,42.99,2026-05-01,11,84.53
MERCEARIA ALIMENTICIA,SUPLEMENTO ALIMENTAR CHILLI RELAX COCO E ACAI 310ML,11.0,7.6,16.99,2026-04-06,36,83.6
BISCOITO,NESTLE BISCOITO CHOCOBISCUIT RECHEIO COOKIES AND CREAM 90G,9.0,9.001363,12.99,2026-05-08,4,81.01
SORVETE JUNDIÁ,SORVETE JUNDIÁ PICOLE JUNDMAX AVELA,10.0,8.094423,14.5,2026-04-30,12,80.94
CEREAIS,CHOCO WHEYFER PISTACHE 25G,19.0,4.24,9.99,2026-05-03,9,80.56
CERVEJA ESPECIAIS,CERVEJA PRAYA LAGER PURO MALTE 330ML,17.0,4.630833,10.99,2026-05-03,9,78.72
CERVEJA FEMSA,CERVEJA AMSTEL LAGER 350ML,24.0,3.262184,7.99,2026-05-01,11,78.29
CHOCOLATE NESTLE,NESTLE CHARGE 40GR,35.0,2.213007,5.99,2026-05-06,6,77.46
REFRIGERANTE,REFRIGERANTE SUKITA TUBAINA PET 2L,13.0,5.957361,13.99,2026-05-10,2,77.45
AGUARDENTES,CABARÉ ICE FRUTAS VERMELHAS 275ML,11.0,6.85625,16.99,2026-03-07,66,75.42
ENERGÉTICO,MONSTER ULTRA WATERMELON 473 ML,10.0,7.452049,17.99,2026-05-09,3,74.52
ACESSORIOS CELULAR,ELECTRONIC MUSIC HEADSET SH-FO-669 SHINKA,5.0,14.889408,31.99,2026-03-03,70,74.45
ACESSORIOS CELULAR,CABO MICRO USB SJX-08-V8 SHINKA,5.0,14.826389,31.99,2026-03-22,51,74.13
REFRIGERANTE,ITUBAINA RETRO ORIGINAL LATA 350ML,30.0,2.45381,5.99,2026-05-08,4,73.61
REFRIGERANTE,COCA COLA ZERO 2LTS,7.0,10.483333,19.99,2026-05-08,4,73.38
CHOCOLATE FERRERO,KINDER OVO MENINO,9.0,8.128045,18.99,2026-05-10,2,73.15
ISOTÔNICO,GATORADE BERRY BLUE 500ML,16.0,4.531544,11.99,2026-05-06,6,72.5
CHOCOLATE NESTLE,NESTLE LOLLO 28GR,31.0,2.313613,5.99,2026-05-10,2,71.72
ISOTÔNICO,GATORADE LARANJA 500ML,15.0,4.692237,11.99,2026-05-09,3,70.38
CERVEJA AMBEV,SKOL BEATS SENSES LONG NECK 269ML,12.0,5.855833,15.99,2026-01-09,123,70.27
SORVETE KIBON,KIBON MAGNUM COOKIES CREAM,5.0,13.995625,19.9,2026-05-09,3,69.98
WHISK,WHISKY WHITE HORSE 1LT,1.0,69.9,124.99,2025-10-19,205,69.9
CERVEJA FEMSA,AMSTEL LONG NECK 355ML,18.0,3.834633,7.99,2026-05-02,10,69.02
CHOCOLATE NESTLE,"NESTLE KIT KAT BRANCO 41,5GR",20.0,3.430417,7.99,2026-05-08,4,68.61
CHOCOLATE GAROTO,BOMBOM SERENATA DE AMOR 19G,71.0,0.956,2.99,2026-05-04,8,67.88
HIGIENE PESSOAL,PRESERVATIVO SUPRA SENSITIVE 3UN,27.0,2.492357,9.99,2026-04-19,23,67.29
SORVETE JUNDIÁ,SORVETE JUNDIÁ PICOLE TRES CHOCOLATES,14.0,4.7875,11.5,2026-04-30,12,67.02
SOUZA CRUZ,CIGARRO ROTHMANS OF LONDON,12.0,5.540286,9.0,2026-04-27,15,66.48
SORVETE JUNDIÁ,SORVETE JUNDIA FUZZY ACAI C/ LEITINHO 75G,8.0,8.21,13.5,2026-04-12,30,65.68
MENTOS,MENTOS KISS TUTTI FRUTTI E MENTA 35G,8.0,8.190833,18.99,2026-05-06,6,65.53
SORVETE JUNDIÁ,SORVETE JUNDIA MAX PISTACHE MINI BOMBOM 105G,6.0,10.783333,16.75,2026-05-07,5,64.7
HIGIENE PESSOAL,KIT VIAGEM AZUL DENTIL150GR,5.0,12.85,25.99,,9999,64.25
ACESSORIOS CELULAR,CARREGADOR INTELIGENTE KA-5003 KAPBOM,4.0,16.0,34.99,2025-05-04,373,64.0
CERVEJA ESPECIAIS,BADEN BADEN CRISTAL PILSEN 350ML,14.0,4.546905,9.99,2026-04-25,17,63.66
REFRIGERANTE,SCHWEPPS CITRUS 1.5LTS,8.0,7.930833,16.99,2026-05-07,5,63.45
SORVETE KIBON,KIBON MAGNUM BOMBOM COOKIES E CREAM 85G,4.0,15.481667,22.9,2026-05-10,2,61.93
HIGIENE PESSOAL,PRESERVATIVO SUPRA CLASSICO 3UN,26.0,2.381439,5.99,2026-04-19,23,61.92
SNACK ELMA CHIPS,DORITOS QUEIJO NACHO 75G,9.0,6.843077,12.99,2026-05-10,2,61.59
SORVETE JUNDIÁ,PICOLE DUO MOUSSE DE MARACUJA E LIMAO 60G,24.0,2.537384,11.5,2026-05-06,6,60.9
AGUARDENTES,CABARÉ ICE LIMÃO 275ML,9.0,6.745666,16.99,2026-04-26,16,60.71
ACESSORIOS CELULAR,SUPORTE VEICULAR UNIVERSAL TOMATE MTG-006,4.0,14.96836,31.99,2026-02-07,94,59.87
ENERGÉTICO,ENERGETICO MONSTER ULTRA 473ML,8.0,7.452418,17.99,2026-05-10,2,59.62
SUCO,GUARAVITON AÇAI 500ML,31.0,1.915135,5.99,2026-05-06,6,59.37
ENERGÉTICO,ENERGETICO MONSTER ULTRA FIESTA MANGO 473ML,8.0,7.371334,17.99,2026-05-10,2,58.97
SORVETE JUNDIÁ,SORVETE JUNDIA MAX CLASSICO 75G,7.0,8.423804,14.5,2026-05-06,6,58.97
SORVETE JUNDIÁ,SORVETE JUNDIÁ MEXX MORANGO C/LEITE COND.110GR,6.0,9.82,15.5,2026-05-07,5,58.92
SORVETE JUNDIÁ,SORVETE JUNDIA BOMBOM ACAI COM LEITINHO 105G,6.0,9.78,14.0,2026-04-09,33,58.68
SORVETE PERFETTO,SORVETE COOL KISS PISTACHIO 500ML,2.0,28.983333,43.99,2026-03-01,72,57.97
SORVETE KIBON,KIBON CREMOSISSIMO NAPOLITANO ESPEC 2LTS,2.0,28.965,49.99,2026-04-26,16,57.93
SNACK PRINGLES,PRINGLES BATATA CHURRASCO 109G,5.0,11.582857,19.99,2026-05-07,5,57.91
AGUA SABORIZADA,CRYSTAL SPARKLING TANG E CAPIM-LIMAO 510ML,23.0,2.509473,5.99,2026-05-07,5,57.72
CERVEJA ESPECIAIS,CERVEJA PETRA PURO MALTE 330ML,14.0,4.061253,8.99,2026-04-07,35,56.86
AGUA SABORIZADA,H2O LIMONETO 500ML,14.0,3.998333,9.99,2026-05-10,2,55.98
SNACK ELMA CHIPS,RUFFLES SAL 115G,5.0,11.178704,20.99,2026-04-19,23,55.89
DOCES DIVERSOS,COCADA BRANCA DE MINAS ZERO 40G,27.0,2.066,4.99,2026-05-06,6,55.78
CERVEJA ITAIPAVA,ITAIPAVA GO DRAFT LONG 330ML,12.0,4.6475,9.99,2023-11-04,920,55.77
DESTILADOS DIVERSOS,CAMPARI BITTER 900ML,1.0,54.9,98.99,2025-10-04,220,54.9
ISOTÔNICO,POWERADE LIMAO SQUEEZE 500ML,15.0,3.65859,8.99,2026-05-02,10,54.88
CERVEJA AMBEV,AMSTEL LATA 269ML,24.0,2.281076,5.99,2026-05-10,2,54.75
DESTILADOS DIVERSOS,GIN ROCK´S SICILIAN LEMON 1L,2.0,26.47,44.99,2024-02-17,815,52.94
AGUARDENTES,CACHAÇA CABARE ICE 275,9.0,5.797287,13.99,2025-09-13,241,52.18
ISOTÔNICO,POWERADE LARANJA SQUEEZE 500ML,14.0,3.708382,8.99,2026-05-06,6,51.92
SNACK ELMA CHIPS,DORITOS QUEIJO NACHO 120G,6.0,8.627841,19.99,2026-05-09,3,51.77
AGUARDENTES,BEBIDA ALCOOLICA ICE LEEV LIMÃO 275ML,10.0,5.164981,12.99,2026-05-04,8,51.65
REFRIGERANTE,SCHWEPPS CITRUS ORIGINAL 350ML,15.0,3.413889,7.99,2026-05-10,2,51.21
SORVETE JUNDIÁ,SORVETE JUNDIÁ MILK CHOCOLATE 60GR,11.0,4.615642,10.0,2026-04-29,13,50.77
MENTOS,MENTOS KISS MORANGO 35GR,6.0,8.386667,18.99,2026-05-02,10,50.32
CHOCOLATE ARCOR,"TORTUGUITA BAUNILHA 15,5GR ARCOR",41.0,1.210449,2.99,2026-05-05,7,49.63
REFRIGERANTE,ANTARCTICA GUARANA ZERO 2LTS,6.0,8.240985,16.99,2026-05-10,2,49.45
CERVEJA AMBEV,BUDWEISER LATA 269ML,17.0,2.905357,6.99,2026-05-06,6,49.39
BALA,BALA FRUITTELLA MORANGO 40GR,24.0,2.018852,4.99,2026-05-09,3,48.45
SORVETE JUNDIÁ,"SORVETE JUNDIÁ FASCINO COLLECTION TORTA LIMAO 1,5L",2.0,23.675,43.99,2026-03-08,65,47.35
SORVETE JUNDIÁ,"SORVETE JUNDIÁ FASCINO PIPOCA 1,5L",2.0,23.675833,43.99,2026-01-15,117,47.35
SOUZA CRUZ,LUCKY STRIKE BIG CHILL,4.0,11.772909,12.75,2026-05-10,2,47.09
CERVEJA ESPECIAIS,CERVEJA IMPERIO PILSEN HELLES 330ML,12.0,3.906667,7.99,2026-04-25,17,46.88
CHOCOLATE ARCOR,"TORTUGUITA BRANCA RECHEIO CHOCOLATE 15,5G",37.0,1.262079,2.99,2026-04-29,13,46.7
SNACK ELMA CHIPS,PRINGLES BATATA QUEIJO 109G,4.0,11.510004,19.99,2026-04-28,14,46.04
SUCO,SUCO DEL VALLE MANGA 290ML,13.0,3.538302,7.99,2026-05-08,4,46.0
CHOCOLATE DIVERSOS,PECCIN TRENTO MOUSSE DE MARACUJA 29G,19.0,2.394975,5.99,2026-05-07,5,45.5
REFRIGERANTE,ANTARCTICA SODA 2LTS,6.0,7.577778,16.99,2026-05-10,2,45.47
SUCO,GUARAVITON GINSENG 500ML,22.0,2.030481,5.99,2026-05-06,6,44.67
SNACK ELMA CHIPS,RUFFLES ORIGINAL 68G,6.0,7.40625,13.99,2026-04-26,16,44.44
JTI,CAMEL MENTHOL BOX,3.0,14.64081,16.0,2026-05-10,2,43.92
SUCO,FRAPPUCCINO STARBUCKS CLASSICO 280ML,5.0,8.778333,17.99,2026-04-25,17,43.89
SORVETE KIBON,KIBON CREMOSISSIMO NAPOLITANO,2.0,21.8975,39.99,2026-03-15,58,43.8
CHOCOLATE DIVERSOS,PECCIN TRENTO MINI 40G,10.0,4.276666,9.99,2026-05-06,6,42.77
REFRIGERANTE,FANTA LARANJA LATA 350ML,14.0,3.023217,6.99,2026-05-07,5,42.33
SNACK DIVERSOS,PURURUCA MILHO PICANTE KELECK 90G,14.0,2.99,5.99,2026-05-06,6,41.86
CERVEJA FEMSA,"HEINEKEN 0,0% 268ML",11.0,3.75625,7.99,2026-05-03,9,41.32
REFRIGERANTE,SCHWEPPS CITRUS LATA 350ML,12.0,3.391869,7.99,2026-04-14,28,40.7
BOLO,BAUDUCCO ROLL CHOCOLATE 34GR,23.0,1.73,3.99,2026-04-30,12,39.79
CERVEJA ESPECIAIS,CERVEJA SKOL LATA ZERO 350ML,12.0,3.313333,6.99,,9999,39.76
CHICLETE,"TRIDENT BLUEBERRY 25,2GR",8.0,4.951715,13.99,2026-04-24,18,39.61
PHILIP MORRIS,CHESTERFIELD REMIX FRESH E MINT,4.0,9.692088,10.5,2026-05-10,2,38.77
MENTOS,MENTOS PURE FRESH AZUL GARRAFA 56GR,4.0,9.646667,19.99,2026-05-07,5,38.59
DESTILADOS DIVERSOS,BEBIDA ALCOOLICA CHILLI BEANS COSMOPOLITAN 310ML,6.0,6.43,15.99,,9999,38.58
SNACK ELMA CHIPS,SNACKS NUTELLA B READY 22G,10.0,3.843611,6.99,2026-05-08,4,38.44
CHOCOLATE DIVERSOS,PECCIN TRENTO TORTA DE LIMAO 29G,16.0,2.396875,5.99,2026-05-08,4,38.35
SNACK DIVERSOS,BATATA LAYS COPA QUEIJO CAMEMBERT 62G,5.0,7.633333,13.99,2026-04-18,24,38.17
ISOTÔNICO,POWERADE MOUNTAIN BLAST 500ML,10.0,3.764189,8.99,2026-04-27,15,37.64
AGUA,AGUA SABORIZADA CRYSTAL SPARKLING MELANCIA 510ML,15.0,2.499327,5.99,2026-05-10,2,37.49
ENERGÉTICO,ENERGETICO FUSION 1LT,6.0,6.216667,17.99,2025-04-26,381,37.3
CHOCOLATE LACTA,CHOCOLATE LACTA SHOT 80G,5.0,7.449938,16.99,2026-05-08,4,37.25
CERVEJA AMBEV,SKOL BEATS SENSES LATA 269ML,8.0,4.64125,12.99,2026-04-12,30,37.13
SNACK ELMA CHIPS,CHEETOS ONDA REQUEIJAO 39G,12.0,3.085,5.99,2026-04-27,15,37.02
CEREAIS,BARRA CEREAL NUTRY BOLO CHOCOLATE 22GR,26.0,1.406317,3.99,2026-05-10,2,36.56
DOCES DIVERSOS,TORRONE AMENDOIM AMOR 25G,39.0,0.935,1.99,2026-05-08,4,36.47
SNACK DIVERSOS,BATATA LAYS COPA PICANHA 62G,5.0,7.287143,13.99,2026-05-09,3,36.44
SORVETE KIBON,KIBON FRUTILLY CHICLETE PINTA LINGUA 40G,31.0,1.164643,7.9,2026-05-04,8,36.1
ENERGÉTICO,ENERGETICO TNT AÇAI C/ GUARANA 473ML,5.0,7.2095,17.99,2026-04-30,12,36.05
ACESSORIOS CELULAR,CABO TYPE C MAMMOTH,2.0,18.0,39.99,2026-05-10,2,36.0
CHOCOLATE M&M (MARS),SNICKERS MORANGO 42G,11.0,3.2245,7.99,2026-05-08,4,35.47
SORVETE JUNDIÁ,JUNDIÁ COPAO AÇAI 220GR,4.0,8.86,15.0,2026-04-09,33,35.44
REFRIGERANTE,SUKITA LARANJA 2LTS,6.0,5.902638,11.99,2026-04-29,13,35.42
REFRIGERANTE,FANTA LARANJA 2LTS,4.0,8.828333,17.99,2026-05-01,11,35.31
BEBIDA LÁCTEA,DANETE ACHOCOLATADO 200ML,16.0,2.2,4.99,2026-04-27,15,35.2
SORVETE KIBON,KIBON CHICABON PALITO,5.0,6.959476,12.9,2026-05-09,3,34.8
DOCES DIVERSOS,DOCES VIEIRA CHURRITOS 23G,25.0,1.365945,2.99,2026-04-27,15,34.15
CHICLETE,CHICLE ARCOR HUEVITOS TORTUGUITA 300G,24.0,1.405808,3.99,2026-05-08,4,33.74
CERVEJA FEMSA,HEINEKEN LATA 269ML,9.0,3.735429,7.99,2026-05-10,2,33.62
SOUZA CRUZ,CIGARRO LUCKY STRIKE ORIGINAL MACO,3.0,11.117936,12.5,2026-05-09,3,33.35
CHOCOLATE LACTA,"LACTA OREO 20,1G",28.0,1.186228,2.99,2026-05-10,2,33.21
SORVETE JUNDIÁ,SORVETE JUNDIÁ FRUTA UVA,9.0,3.685722,8.5,2026-05-09,3,33.17
SORVETE JUNDIÁ,SORVETE JUNDIÁ PICOLE AZULOKO,14.0,2.345333,5.5,2026-04-30,12,32.83
DESTILADOS DIVERSOS,BEBIDA ALCOOLICA CHILLI BEANS MOJITO 310ML,5.0,6.43,15.99,2026-04-12,30,32.15
PASTILHAS,TIC TAC LARANJA 16GR,16.0,2.008864,4.99,2026-05-09,3,32.14
SORVETE JUNDIÁ,SORVETE JUNDIÁ NAPOLITANO 2LTS,2.0,16.0,43.99,2026-04-05,37,32.0
CHOCOLATE GAROTO,CAIXA DE BOMBONS SORTIDOS GAROTO 220G,2.0,15.905,26.99,2026-03-26,47,31.81
CERVEJA ESPECIAIS,CERVEJA PETRA PURO MALTE 269ML,12.0,2.600872,5.99,2026-05-10,2,31.21
CEREAIS,BARRA CEREAL NUTRY MOR. C/ CHOC. LIGHT 22GR,24.0,1.288333,3.99,2026-03-06,67,30.92
SUCO,DEL VALLE GOIABA SEM ADIÇÃO DE AÇUCAR 290ML,9.0,3.422107,7.99,2026-05-03,9,30.8
MENTOS,"BALA MENTOS FRUTAS VERMELHAS 37,5G",16.0,1.895546,4.99,2026-05-09,3,30.33
JTI,CAMEL FILTERS,6.0,5.042614,11.25,2026-05-08,4,30.26
BALA,GOMETS FRUTAS 32GR,48.0,0.6255,1.99,2026-05-08,4,30.02
CERVEJA ESPECIAIS,CERVEJA IMPERIO PURO MALTE ZERO ALCOOL 330ML,7.0,4.249167,8.99,2026-05-06,6,29.74
CHOCOLATE DIVERSOS,CHOCOLATE TORTUGUITA BRIGADEIRO 15.5G,24.0,1.22575,2.99,2026-05-08,4,29.42
ENERGÉTICO,ENERGETICO TNT JUICE MANGO SUMMER 269ML,5.0,5.855345,13.99,2026-05-02,10,29.28
SUCO,DEL VALLE FRUT LARANJA 1LT,7.0,4.167333,7.99,2026-05-09,3,29.17
SORVETE KIBON,KIBON CR/CHOCO/FLOCOS 2LT,1.0,28.965,49.99,2026-04-05,37,28.96
SORVETE KIBON,KIBON FRUTAS TROPICAIS 2L,1.0,28.965,49.99,2026-05-10,2,28.96
DOCES DIVERSOS,COCADA BRANCA CABANA BRASIL SEM ACUCAR 40G,14.0,2.066,4.99,2026-05-04,8,28.92
UTILIDADES DOMESTICAS,SACOLA KRAFT TAMANHO M COM CARINHO P/VC UN,20.0,1.44,4.5,2026-01-13,119,28.8
MENTOS,MENTOS PURE FRESH WINTERGREEN GARRAFA 56GR,3.0,9.56904,19.99,2026-05-09,3,28.71
CHOCOLATE GAROTO,GAROTO TALENTO AVELAS 25GR,12.0,2.374816,6.99,2026-05-10,2,28.5
CHOCOLATE LACTA,LACTA AO LEITE 20GR,13.0,2.187887,4.99,2026-05-09,3,28.44
CEREAIS,BARRA CEREAL NUTRY AVEIA BANANA E MEL,19.0,1.471286,3.99,2026-05-10,2,27.95
REFRIGERANTE,REFRIGERANTE SUKITA LARANJA 200ML,20.0,1.397456,3.99,2026-05-08,4,27.95
SORVETE JUNDIÁ,SORVETE JUNDIÁ SKIMO MINI 150G,3.0,9.271667,16.0,2026-04-26,16,27.82
CHOCOLATE ARCOR,"CHOCOLATE ARCOR TORTUGUITA 11,5G",22.0,1.263438,2.99,2026-04-26,16,27.8
CERVEJA AMBEV,BRAHMA LATA 350ML,9.0,3.0575,7.99,2026-04-28,14,27.52
CHOCOLATE NESTLE,"NESTLE KIT KAT CHURROS 41,5G",8.0,3.421667,7.99,2026-04-13,29,27.37
DESTILADOS DIVERSOS,SCHWEPPES MIXED GIN TONICA 269ML,6.0,4.54,9.99,,9999,27.24
REFRIGERANTE,FANTA UVA LATA 350ML,9.0,3.021351,6.99,2026-05-10,2,27.19
BALA,BALA SKITLES ORIGINAL 38G,10.0,2.677143,5.99,2026-05-08,4,26.77
CONGELADOS,FUZZY AÇAI COM LEITINHO 1.5 L,1.0,26.57,43.99,2026-04-30,12,26.57
SORVETE JUNDIÁ,"POTE FUZZY AÇAI COM GUARANA JUNDIA 1,5L",1.0,26.57,41.99,2026-04-14,28,26.57
VINHO,VINHO TINTO SUAVE PERGOLA 1LT,2.0,13.25,39.99,2026-05-09,3,26.5
CEREAIS,BARRA PROTEICA BOLD TUBE PISTACHE 40G,4.0,6.623084,13.99,2026-04-28,14,26.49
BISCOITO,NESTLE PASSATEMPO LEITE NINHO 150G,9.0,2.921667,5.99,2026-05-02,10,26.3
ISOTÔNICO,POWERADE FRUTAS TROPICAIS SQUEEZE 500ML,7.0,3.725631,8.99,2026-04-25,17,26.08
CHOCOLATE DIVERSOS,PECCIN TRENTO BITES PTORTA DE LIMAO 40G,6.0,4.268333,9.99,2026-05-09,3,25.61
SORVETE JUNDIÁ,SORVETE JUNDIÁ FASCINO NATA/CHOCOLATE,3.0,8.461667,16.0,2026-05-10,2,25.39
AGUA SABORIZADA,CRYSTAL SPARKLING LIMAO 510ML,10.0,2.512942,5.99,2026-04-29,13,25.13
MERCEARIA MAT. LIMPEZA,TOALHA DE PAPEL PICCOLA DONNA C/2,8.0,3.1,3.99,2026-04-11,31,24.8
SNACK ELMA CHIPS,CHEETOS ONDA REQUEIJÃO 90G,4.0,6.170833,13.99,2026-04-13,29,24.68
SORVETE JUNDIÁ,"SORVETE JUNDIÁ FASCINO TRUFATINE 1,5L",1.0,24.54,43.99,2026-02-11,90,24.54
SORVETE JUNDIÁ,"SORVETE JUNDIÁ FASCINO FRUTAS VERMELHAS 1,5L",1.0,24.54,43.99,2026-04-07,35,24.54
CERVEJA FEMSA,HEINEKEN LONG NECK SEM ALCOOL 330ML,2.0,12.044167,12.99,2026-05-09,3,24.09
REFRIGERANTE,COCA COLA VIDRO 250ML,7.0,3.430833,7.99,2026-05-09,3,24.02
SORVETE JUNDIÁ,SORVETE JUNDIÁ TRES CHOCOLATES 2LT,1.0,24.0,41.99,2026-01-25,107,24.0
SORVETE JUNDIÁ,SORVETE JUNDIÁ CREME 2LTS,1.0,24.0,41.99,2025-12-31,132,24.0
SORVETE JUNDIÁ,SORVETE JUNDIÁ MILHO VERDE 2LTS,1.0,24.0,41.99,2025-12-25,138,24.0
BOLO,BAUDUCCO BOLINHO DUPLO CHOCOLATE 40GR,12.0,1.98,3.99,2026-05-10,2,23.76
CHOCOLATE LACTA,LACTA DIAMANTE NEGRO 20GR,11.0,2.152419,4.99,2026-05-05,7,23.68
SORVETE KIBON,KIBON NUTABLITO MAX AVELA 64G,3.0,7.757229,12.9,2026-05-09,3,23.27
CERVEJA ESPECIAIS,CERVEJA BADEN PEACH SLEEK 350ML,5.0,4.653333,9.99,2026-03-31,42,23.27
PHILIP MORRIS,MARLBORO BLUE SELECTION BOX,4.0,5.756866,11.25,2026-05-10,2,23.03
MERCEARIA ALIMENTICIA,SUPLEMENTO ALIMENTAR CHILLI RELAX ACAI BERRY 310ML,3.0,7.6,16.99,2026-05-07,5,22.8
DOCES DIVERSOS,SABORES DO COCO COCADA MORENA 40G,11.0,2.053194,4.99,2026-04-23,19,22.59
SNACK DIVERSOS,BATATA FRITA LISA KELECK CEBOLA E SALSA 90G,5.0,4.49,8.99,2026-05-08,4,22.45
CHOCOLATE LACTA,CHOCOLATE DIAMANTE NEGRO 80G,3.0,7.43607,16.99,2026-04-29,13,22.31
CHOCOLATE LACTA,LACTA AO LEITE 80G,3.0,7.35,16.99,2026-04-20,22,22.05
SUCO,DEL VALLE FRUT UVA 450ML,9.0,2.42164,5.99,2026-05-05,7,21.79
SORVETE KIBON,KIBON CORNETTO MMS,2.0,10.884167,16.9,2026-05-09,3,21.77
ENERGÉTICO,TNT MAÇA VERDE ZERO AÇUCAR 473 ML,3.0,7.215,16.99,2026-05-04,8,21.64
ENERGÉTICO,ENERGÉTICO TNT JUICE MANGO 473ML,3.0,7.215,16.99,2026-05-02,10,21.64
VODKA,VODKA ORLOFF 1LT,1.0,21.61,66.99,2026-03-26,47,21.61
CHOCOLATE DIVERSOS,TRENTO PISTACHE 29G,9.0,2.3975,5.99,2026-05-08,4,21.58
SNACK ELMA CHIPS,DORITOS QUEIJO NACHO 37G,6.0,3.570214,6.99,2026-04-26,16,21.42
CERVEJA AMBEV,SKOL BEATS MISTA GREEN MIX 269ML,4.0,5.31,12.99,2026-05-09,3,21.24
CERVEJA AMBEV,BRAHMA ZERO ALCOOL LATA 350ML,8.0,2.645608,5.99,2026-05-06,6,21.16
PASTILHAS,GAROTO PASTILHA HORTELA 17GR,25.0,0.84302,2.99,2026-05-09,3,21.08
CEREAIS,BARRA CEREAL NUTRY FR.VERM. COOKIES 22GR,16.0,1.288333,3.99,2026-05-09,3,20.61
AMENDOIN/NOZES,AMENDOIM CROKISSIMO SALGADO 90GR,6.0,3.38,6.99,2026-04-08,34,20.28
CHOCOLATE M&M (MARS),TWIX 40G,6.0,3.366111,7.99,2026-05-09,3,20.2
MERCEARIA ALIMENTICIA,ESPETO CHURRASCO CORDEIRO 40UN,6.0,3.35,3.99,2024-11-22,536,20.1
AGUA SABORIZADA,CRYSTAL SPARKLING FRUTAS VERMELHAS 510ML,8.0,2.510902,5.99,2026-05-07,5,20.09
DESTILADOS DIVERSOS,GIN ETERNITY MAÇA VERDE 900ML,1.0,19.99,35.99,2024-04-14,758,19.99
DESTILADOS DIVERSOS,GIN ETERNITY WATERMELON 900ML,1.0,19.99,35.99,2024-05-01,741,19.99
PILHAS,PILHA RAYOVAC AA PALITO AMARELA C/4,7.0,2.84,7.99,2026-05-09,3,19.88
DOCES DIVERSOS,BALA FINI GELATINA MINHOCA BRILHO 90GR,4.0,4.893333,10.99,2026-04-22,20,19.57
DOCES DIVERSOS,BALA FINI GELATINA DENTADURA 100GR,4.0,4.893333,10.99,2026-05-04,8,19.57
DOCES DIVERSOS,DOCES VIEIRA CHOCO BEIJO 23G,12.0,1.62375,3.99,2026-04-26,16,19.48
BISCOITO,NESTLE PASSATEMPO RECHEIO DE MORANGO 130GR,6.0,3.236,5.99,2026-03-15,58,19.42
DOCES DIVERSOS,BALA FINI GELATINA BANANAS 100GR,4.0,4.852778,10.99,2026-05-10,2,19.41
BEBIDA LÁCTEA,NESCAFE CAPPUCINO CLASSICO 270 ML,3.0,6.406667,12.99,2026-05-09,3,19.22
BISCOITO,CLUB SOCIAL BACON E PROVOLONE 141G,25.0,0.763691,2.99,2026-04-16,26,19.09
BALA,BALA FRUITTELLA CARAMELO 41G,9.0,2.11269,4.99,2026-05-09,3,19.01
ACHOCOLATADO,NESTLE ALPINO FAST 280ML,3.0,6.33,12.99,2026-05-05,7,18.99
BISCOITO,BISCOITO WAFER MORANGO TRIUNFO 105G,6.0,3.09,6.99,2026-04-12,30,18.54
ISOTÔNICO,POWERADE UVA 500ML,5.0,3.702226,8.99,2026-05-04,8,18.51
CHICLETE,CHICLE FINI MONO CLASSICOS 14G,18.0,1.004274,2.49,2026-05-10,2,18.08
ACESSORIOS CELULAR,CARREGADOR VEICULAR USB SHINKA,1.0,18.0,39.99,2026-05-06,6,18.0
REFRIGERANTE,COCA COLA 200ML,11.0,1.624167,3.99,2026-05-08,4,17.87
BISCOITO,NESTLE PASSATEMPO RECHEIO DE CHOCOLATE 130GR,6.0,2.931111,5.99,2026-05-05,7,17.59
REFRIGERANTE,ANTARCTICA TONICA LATA 350ML,6.0,2.929892,6.99,2026-05-09,3,17.58
BISCOITO,CLUB SOCIAL CEBOLA COM SOUR CREAM 141G,24.0,0.731667,2.99,2026-05-03,9,17.56
CHOCOLATE LACTA,LACTA LAKA 20GR,8.0,2.195,4.99,2026-05-10,2,17.56
CHOCOLATE NESTLE,NESTLE PRESTIGIO DARK 33GR,7.0,2.445333,5.99,2026-05-06,6,17.12
SORVETE JUNDIÁ,SORVETE JUNDIÁ FASCINO NATA/MORANGO,2.0,8.461766,16.0,2026-04-25,17,16.92
BALA FINI,BALA FINI GELATINA BEIJOS MORANGO 15GR,18.0,0.9325,1.99,2026-05-07,5,16.78
SNACK DIVERSOS,YOKITOS ANEIS CEBOLA 54GR,6.0,2.689403,5.99,2026-04-28,14,16.14
BISCOITO,BISCOITO COOKIE NESTLE CLASSIC COOKIE BAUNILHA 60G,6.0,2.640643,5.99,2026-05-09,3,15.84
CERVEJA ESPECIAIS,CERVEJA ANTARCTICA ORIGINAL 269ML,5.0,3.156054,6.99,2026-05-10,2,15.78
BISCOITO,BISCOITO COOKIE NESTLE NESCAU DUO 60G,6.0,2.62,5.99,2026-03-08,65,15.72
BISCOITO,NESTLE NEGRESCO COOKIE CHOC GOTAS BAUN 60GR,6.0,2.615833,5.99,2026-03-17,56,15.69
BISCOITO,BISCOITO WAFER CHOCOLATE TRIUNFO 105G,5.0,3.087184,6.99,2026-04-21,21,15.44
SUCO,DEL VALLE FRUT LARANJA 450ML,8.0,1.909391,5.99,2026-04-27,15,15.28
HIGIENE PESSOAL,APARELHO DE BARBEAR BOZZANO CONFORT UN,4.0,3.804615,5.99,2026-03-05,68,15.22
CHOCOLATE FERRERO,KINDER TRONKY T1X10X4 18G,4.0,3.782248,8.99,2026-04-24,18,15.13
CHICLETE,"TRIDENT MENTA 14UN 25,2GR",3.0,4.995833,13.99,2026-05-08,4,14.99
SUCO,BEBIDA LACTEA UHT YOPRO ENERGY BOOST CAPPUCCINNO 15G,2.0,7.49,14.99,2026-04-16,26,14.98
ENERGÉTICO,ENERGETICO RED BULL THE TROPICAL EDITION 250ML,2.0,7.49,17.99,2026-05-08,4,14.98
BISCOITO,CLUB SOCIAL SNACK BARBECUE 68G,3.0,4.99,8.99,2026-05-05,7,14.97
SNACK TORCIDA,SALGADINHO TORCIDA PIMENTA MEXICANA 60G,8.0,1.8,3.99,2026-05-09,3,14.4
BISCOITO,NESTLE BONO RECH. MORANGO 90G,5.0,2.7985,4.99,2026-05-08,4,13.99
SNACK ELMA CHIPS,BATATA RUFFLES CHURRASCO 32G,4.0,3.47,6.99,2026-05-10,2,13.88
CEREAIS,BARRA CEREAL NUTRY PASTA DE AMENDOIM 30G,3.0,4.598461,9.99,2026-05-10,2,13.8
BALA FINI,BALA FINI GELATINA DENTADURA 15G,15.0,0.916948,1.99,2026-05-08,4,13.75
DOCES DIVERSOS,"DOCE PE DE MOCA MOCOFORTE 50,5G",7.0,1.945,4.99,2026-05-06,6,13.62
BALA FINI,FINI TUBES TWISTER CITRUS 15G,15.0,0.903056,1.99,2026-04-14,28,13.55
SNACK DIVERSOS,BATATA FRITA LISA KELECK NATURAL 90G,3.0,4.49,8.99,2026-04-27,15,13.47
BISCOITO,BISCOITO COOKIE NESTLE PRESTIGIO 60G,5.0,2.689167,5.99,2026-05-03,9,13.45
REFRIGERANTE,FANTA UVA LATA 220ML,7.0,1.886667,3.99,2026-05-06,6,13.21
BISCOITO,NESTLE COOKIE CHARGE 60G,5.0,2.617,5.99,2026-03-26,47,13.08
CHICLETE,CHICLE FINI SALADA DE FRUTA 14G,12.0,1.077778,2.49,2026-05-02,10,12.93
BEBIDA LÁCTEA,BEBIDA LACTEA NESCAFÉ LATTE 270ML,2.0,6.405,13.99,2026-03-28,45,12.81
ACHOCOLATADO,NESTLE NESCAU FAST 270ML,2.0,6.350417,12.99,2026-05-09,3,12.7
SNACK TORCIDA,SALGADINHO TORCIDA BACON 60G,7.0,1.800918,3.99,2026-05-09,3,12.61
PADARIA,COOKIES PIRAQUE CHOCOLATE 80G,4.0,3.12,5.99,2026-03-30,43,12.48
REFRIGERANTE,COCA COLA + CAFEINA 220ML,6.0,2.075538,4.99,2026-05-07,5,12.45
DOCES DIVERSOS,SABORES DO COCO COCADA BRANCA 40G,6.0,2.06304,4.99,2026-04-20,22,12.38
SNACK ELMA CHIPS,CHEETOS LUA PARMESAO 34G,4.0,3.087143,5.99,2026-05-09,3,12.35
BISCOITO,CLUB SOCIAL ORIGINAL 24GR,17.0,0.720584,2.99,2026-05-07,5,12.25
BISCOITO,NESTLE NESFIT MORANGO E CEREAIS 160G,3.0,4.0225,7.99,2026-03-21,52,12.07
BISCOITO,CASSINI POLVILHO 100G,3.0,3.99,7.99,2026-05-08,4,11.97
BISCOITO,ADRIA TORTINHA DUE CHOCOLATE BRANCO E GELEIA DE FRUTAS VERMELHAS 140G,4.0,2.95,5.99,2026-04-22,20,11.8
SORVETE KIBON,KIBON SORVETE MINI CHICABOM 92G,1.0,11.669167,17.9,2026-05-10,2,11.67
BISCOITO,TRAKINAS MEIO A MEIO CHOCOLATE E MORANGO 126G,5.0,2.331707,4.99,2026-04-04,38,11.66
REFRIGERANTE,REFRIGERANTE SODA LIMONADA ANTARCTICA PET 200ML,17.0,0.680542,3.99,2026-04-25,17,11.57
REFRIGERANTE,REFRIGERANTE SUKITA UVA 200ML,8.0,1.446666,3.99,2026-05-09,3,11.57
CHOCOLATE GAROTO,GAROTO TALENTO AMEND/UVA PASSA 25G,4.0,2.85,6.99,2026-05-03,9,11.4
AMENDOIN/NOZES,CASTANHA DE CAJU TORRADA E SALGADA AMIGOS DO BEM CASTANHA DO BEM PACOTE 30G,3.0,3.645,6.99,2026-04-25,17,10.94
SUCO,SUCO DEL VALLE SABOR LARANJA 200ML,5.0,2.133933,4.99,2026-05-10,2,10.67
BISCOITO,COOKIES GALAK 60G,4.0,2.6075,5.99,2026-04-29,13,10.43
BISCOITO,BAUDUCCO COOKIE ORIGINAL 60GR,4.0,2.6,5.99,2026-05-06,6,10.4
CHOCOLATE NESTLE,NESTLE ALPINO COOKIE GOTAS CHOC 60G,4.0,2.595,5.99,2026-03-20,53,10.38
SNACK ELMA CHIPS,DORITOS DINAMITA PIMENTA MEXICANA 60G,3.0,3.426667,6.99,2026-03-21,52,10.28
BISCOITO,BISCOITO RECHEADO BONO CHOCOLATE 90G,4.0,2.485833,4.99,2026-03-20,53,9.94
BALA FINI,BALA FINI REGALIZ TUBES MORANGO 80G,2.0,4.893333,10.99,2026-05-10,2,9.79
CHOCOLATE M&M (MARS),SNICKERS MARACUJA 42G,3.0,3.25989,7.99,2026-04-24,18,9.78
SUCO,SUCO NATURAL ONE UVA E MAÇA 300ML,2.0,4.89,5.99,2026-05-09,3,9.78
CHÁ,CHA LEAO ICE TEA LIMAO 450ML,3.0,3.173111,6.99,2026-05-09,3,9.52
SUCO,ADES LARANJA TP 200ML,4.0,2.351667,4.99,2026-05-06,6,9.41
AGUARDENTES,BEBIDA ALCOOLICA ICE LEEV MORANGO 275ML,2.0,4.687692,12.99,2026-04-12,30,9.38
PADARIA,COOKIES PIRAQUE ORIGINAL 80G,3.0,3.12,5.99,2026-04-02,40,9.36
SNACK ELMA CHIPS,CHEETOS ASSADO BOLA QUEIJO SUICO 34G,3.0,3.09,5.99,2026-05-07,5,9.27
BISCOITO,TRAKINAS RECHEADA TORTINHA DE LIMAO 126G,4.0,2.272881,4.99,2026-04-28,14,9.09
SORVETE JUNDIÁ,SORVETE JUNDIA DADINHO MINI BOMBOM 105G,1.0,8.9625,16.0,2026-05-08,4,8.96
MENTOS,"BALA MENTOS FRUIT 37,5G",5.0,1.774348,4.99,2026-05-10,2,8.87
CHICLETE,TRIDENT XSENSES PEPPERMINT ZERO POTE 54G,1.0,8.869047,22.99,2026-03-26,47,8.87
REFRIGERANTE,PEPSI TWIST 200ML,6.0,1.404167,3.99,2026-05-06,6,8.43
BALA FINI,BALA FINI REGALIZ TUBES ACIDO SORTIDO CEREJA ABACAXI MAÇA VERDE 17G,9.0,0.925962,1.99,2026-05-08,4,8.33
BISCOITO,NESTLE NESFIT BANANA AVEIA E CANELA 160GR,2.0,4.0625,7.99,2026-05-09,3,8.12
BISCOITO,CASSINI POLVILHO QUEIJO 100G,2.0,3.99,7.99,2026-05-06,6,7.98
AMENDOIN/NOZES,AMENDOIM PARI S/ PELE 120G,2.0,3.99,7.99,2026-05-06,6,7.98
SNACK DIVERSOS,BATATA LAYS TACO MEXICANO 62G,1.0,7.77,13.99,2026-04-18,24,7.77
REFRIGERANTE,KUAT GUARANA LATA 220ML,4.0,1.937222,3.99,2026-05-05,7,7.75
SNACK ELMA CHIPS,BATATA RUFFLES CEBOLA E SALSA 68G,1.0,7.701067,13.99,2026-05-07,5,7.7
REFRIGERANTE,ANTARCTICA GUARANA 200ML,5.0,1.534167,3.99,2026-05-10,2,7.67
SALGADO ASSADO/FRITO,CHEETOS MIX DE QUEIJOS 70G,1.0,7.627857,13.99,2026-05-04,8,7.63
SNACK ELMA CHIPS,DORITOS PIZZA ROCK IN RIO 48G,2.0,3.81,6.99,2026-04-26,16,7.62
MERCEARIA ALIMENTICIA,SUPLEM ALIM CHILLI BEANS RELAX MACA VERDE 310ML,1.0,7.6,16.99,2026-05-09,3,7.6
REFRIGERANTE,SPRITE LATA 220ML,4.0,1.886667,3.99,2026-05-10,2,7.55
SUCO,BEBIDA LACTEA YOPRO DOCE DE LEITE HAVANNA ZERO 250ML,1.0,7.49,14.99,2026-05-06,6,7.49
SALGADO ASSADO/FRITO,CHEETOS LUA PARMESAO 80G,1.0,7.442708,13.99,2026-05-07,5,7.44
DOCES DIVERSOS,MARSHMALLOW DOCILE TWIST AZUL E BRANCO 250G,1.0,7.4,16.99,2026-03-20,53,7.4
SNACK DIVERSOS,BATATA LAYS SOUR CREAM 62G,1.0,7.3625,13.99,2026-05-10,2,7.36
SNACK DIVERSOS,BATATA LAYS CLASSICO 62G,1.0,7.3625,13.99,2026-05-10,2,7.36
DOCES DIVERSOS,RAPADURINHA DE MINAS 25G,8.0,0.916389,2.99,2026-05-08,4,7.33
BISCOITO,"CLUB SOCIAL PRESUNTO 23,5GR",10.0,0.7256,2.99,2026-05-10,2,7.26
SNACK TORCIDA,SALGADINHO TORCIDA CEBOLA 60G,4.0,1.8,3.99,2026-05-07,5,7.2
SORVETE JUNDIÁ,PICOLE SABOR MORANGO COM RECHEIO CHANTILLY SPLIC JUNDIÁ 50G,2.0,3.573667,7.5,2026-05-06,6,7.15
SNACK ELMA CHIPS,FANDANGOS QUEIJO 85G,1.0,6.96,11.99,2026-04-24,18,6.96
CHOCOLATE GAROTO,BATON AO LEITE BRANCO 16G,5.0,1.391886,3.99,2026-05-10,2,6.96
BISCOITO,TRAKINAS RECH. MORANGO 126G,3.0,2.25,4.99,2026-04-29,13,6.75
CHOCOLATE DIVERSOS,PECCIN TRENTO CHOCOLATE 29G,5.0,1.331733,5.99,2026-05-09,3,6.66
BEBIDA LÁCTEA,NESTLE NESTON FAST VITAMINA 280ML,1.0,6.3325,12.99,2026-05-10,2,6.33
BISCOITO,ADRIA BISCOITO RECHEAD TORTINHA DUE 140G,2.0,3.09,5.99,2026-04-30,12,6.18
BISCOITO,BISCOITO WAFER LIMAO TRIUNFO 105G,2.0,3.06,6.99,2026-04-17,25,6.12
REFRIGERANTE,FANTA MARACUJA LATA 350ML,3.0,2.018889,6.99,2026-05-07,5,6.06
CHOCOLATE DIVERSOS,BOMBOM ARCOR BLOCK 38G,2.0,3.0255,6.99,2026-05-10,2,6.05
ENERGÉTICO,ENERGETICO TNT MACA VERDE ZERO 269ML,1.0,5.778105,13.99,2026-04-18,24,5.78
BISCOITO,NESTLE PASSATEMPO COOKIE DE LEITE 60GR,2.0,2.727755,5.99,2026-05-03,9,5.46
HIGIENE PESSOAL,CURATIVO ISABABY TRADICIONAL,2.0,2.57,5.99,2025-12-28,135,5.14
BISCOITO,NESTLE BONO RECHEADO LIMAO 90G,2.0,2.483333,4.99,2026-04-11,31,4.97
BISCOITO,TRAKINAS MEIO A MEIO CHOCOLATE BRANCO E PRETO 126G,2.0,2.427,4.99,2026-05-02,10,4.85
SNACK DIVERSOS,SALGADINHO KELECK BACON 60G,2.0,2.4,4.99,2026-05-07,5,4.8
SUCO,ADES SOJA SUCO DE UVA 200 ML,2.0,2.351667,4.99,2026-05-08,4,4.7
DOCES DIVERSOS,PINGO DE OURO ELMA CHIPS BACON 76G,1.0,4.6875,9.99,2026-05-07,5,4.69
BISCOITO,CLUB SOCIAL SNACK QUEIJO 68G,1.0,4.6625,8.99,2026-05-09,3,4.66
SNACK DIVERSOS,BATATA LAYS SENSACOES FRANGO GRELHADO 35G,1.0,4.618,9.99,2026-05-08,4,4.62
SNACK ELMA CHIPS,BATATA ELMA CHIPS SENSACOES PEITO PERU 35G,1.0,4.618,9.99,2026-05-08,4,4.62
SNACK DIVERSOS,KELECK BATATA FRITA PEPERONI 90G,1.0,4.49,8.99,2026-05-05,7,4.49
BISCOITO,LACTA COOKIE LAKA 80GR,1.0,4.41,7.99,2026-05-10,2,4.41
SUCO,SUCO DEL VALLE UVA 200ML,2.0,2.153066,4.99,2026-05-10,2,4.31
MENTOS,"BALA MENTOS MINT 37,5GR",2.0,2.12875,4.99,2026-05-08,4,4.26
MENTOS,"BALA MENTOS RAINBOW 37,5GR",2.0,2.099628,4.99,2026-04-22,20,4.2
BISCOITO,NESTLE NESFIT CACAU E AVELA 140G,1.0,4.016114,7.99,2026-05-08,4,4.02
BISCOITO,BISCOITO BONOBON CHOCO BISCUIT BEIJINHO 76G,1.0,3.995,7.99,2026-04-22,20,4.0
CHOCOLATE NESTLE,"NESTLE KIT KAT MINI MOMENTS CARAMEL 34,6G",1.0,3.954972,8.99,2026-05-02,10,3.95
MENTOS,"BALA MENTOS TUTTI FRUTTI 37,5G",2.0,1.865745,4.99,2026-04-21,21,3.73
MENTOS,"BALA MENTOS MINT 37,5G",2.0,1.802184,4.99,2026-05-06,6,3.6
SNACK ELMA CHIPS,RUFFLES SAL 32G,1.0,3.471429,6.99,2026-05-10,2,3.47
CHÁ,CHA LEAO ICE TEA FUZE PESSEGO 450ML,1.0,3.238333,6.99,2026-05-09,3,3.24
BISCOITO,"CLUB SOCIAL RECH. QUEIJO, TOMATE E MANJERICAO 26,5GR",3.0,1.071452,2.99,2026-05-03,9,3.21
SNACK ELMA CHIPS,RUFFLES PIMENTA MEXICANA 30G,1.0,3.09,5.99,2026-05-04,8,3.09
SNACK ELMA CHIPS,CHEETOS MIX DE QUEIJOS 34G,1.0,3.085,5.99,2026-05-08,4,3.08
BISCOITO,ARCOR PASSION LIMÃO 80G,1.0,3.004,5.99,2026-03-30,43,3.0
BISCOITO,ARCOR PASSION CHOCOLATE 80G,1.0,3.004,5.99,2026-05-07,5,3.0
REFRIGERANTE,ANTARCTICA GUARANA LATA 350ML,2.0,1.492916,5.99,2026-05-10,2,2.99
BISCOITO,TRAKINAS RECH. CHOCOLATE 126G,1.0,2.283333,4.99,2026-04-26,16,2.28
BALA FINI,BALA FINI TUBES MONO TWISTER 17G,1.0,0.8675,1.99,2026-03-13,60,0.87
UTILIDADES DOMESTICAS,PARANA FOSFORO ECOLOGICO SEM ENXOFRE 200UN,0.0,2.3,2.99,2026-04-03,39,0.0
SOUZA CRUZ,CIGARRO LUCKY STRIKE AN AMERICAN ORIGINAL,0.0,10.830031,12.0,2025-05-20,357,0.0
SOUZA CRUZ,DUNHILL BLUE BLEND BOX,0.0,13.645076,15.0,2025-11-10,183,0.0
SOUZA CRUZ,DUNHILL BLUE ON BOX,0.0,11.317141,12.5,2025-10-19,205,0.0
SOUZA CRUZ,DUNHILL CARLTON RED BLEND BOX,0.0,13.619782,15.0,2025-10-12,212,0.0
SOUZA CRUZ,DUNHILL RED ON BOX,0.0,11.311592,12.5,2025-10-09,215,0.0
SUCO,DEL VALLE UVA LIGHT 1LT,0.0,7.648333,15.99,2026-02-21,80,0.0
BISCOITO,CLUB SOCIAL RECH. REQUEIJAO 106G,0.0,1.0625,2.99,2026-05-03,9,0.0
PHILIP MORRIS,CHESTERFIELD REMIX BEATS,-24.0,9.695,10.5,2026-05-10,2,0.0
SOUZA CRUZ,LUCK RED,-135.0,7.156133,7.75,2026-05-10,2,0.0
CAFÉ,NESCAFÉ ALEGRIA. CAPPUCCINO CLASSIC CANELA,0.0,5.479096,8.5,2026-05-08,4,0.0
ISQUEIROS,ISQUEIRO BIC,-3.0,4.751797,6.99,2026-05-06,6,0.0
ACESSORIOS CELULAR,SHINKA MACARON SERIES CABO DE DADOS LIGHTNING CB-IP-99,0.0,18.0,39.99,2026-05-06,6,0.0
SORVETE KIBON,KIBON MAGNUM MINI BITES CLASS 92G,0.0,15.560714,22.9,2025-12-24,139,0.0
SORVETE KIBON,KIBON MESCLADIN COCO E CHOCOLATE 63G,0.0,2.202222,9.9,2025-04-13,394,0.0
SORVETE KIBON,KIBON SNICKERS 800ML,0.0,28.1775,42.99,2026-04-18,24,0.0
CHOCOLATE ARCOR,SNICKERS BRANCO 42G,0.0,3.209147,7.99,2026-03-24,49,0.0
CHOCOLATE DIVERSOS,CHOCOLATE CARIBE CANDYBAR 28G,0.0,2.411558,5.99,2026-03-10,63,0.0
CHOCOLATE DIVERSOS,LACTA BIS LIMAO 100G,0.0,5.65,14.99,2026-04-13,29,0.0
CHOCOLATE FERRERO,FERRERO ROCHER T8 100G,0.0,21.065429,35.99,2026-01-24,108,0.0
CHOCOLATE GAROTO,CAIXA DE BOMBONS SORTIDOS GAROTO 20% GRATIS 250G,0.0,14.288571,24.99,2026-02-28,73,0.0
CHOCOLATE LACTA,"CAIXA DE BOMBONS LACTA FAVORITOS 250,6G",0.0,16.99,22.99,2026-04-26,16,0.0
CHOCOLATE LACTA,"LACTA BIS LAKA FLOWPACK 100,8G",0.0,5.765238,14.99,2026-03-09,64,0.0
ACESSORIOS CELULAR,CABO TYPE C SJX-08-TPC SHINKA,0.0,18.0,39.99,2024-07-23,658,0.0
ACHOCOLATADO,"ACHOCOLATADO NESCAU EM PÓ 1,3KG",-102.0,0.098007,5.2,,9999,0.0
SORVETE JUNDIÁ,SORVETE JUNDIÁ FLOCOS 2LTS,0.0,24.0,41.99,2026-05-10,2,0.0
CHOCOLATE LACTA,LACTA BIS XTRA BRANCO 45G,-1.0,3.76954,8.99,2026-04-21,21,0.0
CHOCOLATE M&M (MARS),TWIX 15GR,0.0,1.070333,2.99,2026-04-24,18,0.0
CHOCOLATE NESTLE,CAIXA DE BOMBONS NESTLE ESPECIALIDADES 251G 15UN,0.0,14.0125,23.99,2026-04-23,19,0.0
CHOCOLATE NESTLE,NESTLE CHOCOLATE CRUNCH 80G,0.0,6.669375,17.99,2026-01-14,118,0.0
CHÁ,CHÁ VERDE LIMÃO LEÃO GARRAFA 450ML,0.0,3.016667,6.99,2025-09-25,229,0.0
CHÁ,LEAO GUARANA AÇAI 450ML,0.0,2.593333,5.99,2026-04-29,13,0.0
VODKA,ABSOLUT VODKA SPRITE 269ML,0.0,6.851667,15.99,2026-05-09,3,0.0
BISCOITO,TRIUNFO WAFER CHOCO/AVELA 105GR,2.0,0.0,6.99,2026-05-08,4,0.0
DESTILADOS DIVERSOS,READYGIN MORANGO 275ML,0.0,5.59,13.99,2025-07-29,287,0.0
DOCES DIVERSOS,AMANDITA 200GR,0.0,16.26,22.99,2026-01-27,105,0.0
DOCES DIVERSOS,COCADA MORENA ZERO ACUCAR 40G,0.0,2.066,4.99,,9999,0.0
DOCES DIVERSOS,DOCE DE LEITE VIEIRA BEIJO DE LEITE 23G,0.0,1.036349,3.99,2026-01-18,114,0.0
DOCES DIVERSOS,MARSHMALLOW DOCILE TWIST COLOR 250G,0.0,7.4,16.99,2026-03-12,61,0.0
DOCES DIVERSOS,PAÇOCA AMOR ARCOR 18G,0.0,0.645833,1.99,2025-12-17,146,0.0
DOCES DIVERSOS,PAÇOCA S.H PAÇOQUITA 18G,0.0,0.152133,1.99,2026-03-28,45,0.0
DOCES DIVERSOS,PAÇOCA S.H PAÇOQUITA 20G,0.0,0.579798,1.99,2026-03-29,44,0.0
DOCES DIVERSOS,PAÇOCA S.H PAÇOQUITA ORIGINAL 20G,0.0,0.5828,1.99,2026-04-13,29,0.0
PIPOCA,PIPOCA DOCE CARAMELIZADA CLAC 50G,0.0,2.2,5.99,2026-05-06,6,0.0
SORVETE KIBON,KIBON OS FAVORITOS MINI MORANGO 92G,0.0,11.669167,17.9,2026-05-08,4,0.0
DOCES DIVERSOS,ROCKS OVOMALTINE 40G,0.0,3.75,8.99,2025-12-26,137,0.0
DOCES DIVERSOS,SUSPIRO CASEIRO KE DELICIA 50G,0.0,2.598,6.99,2026-04-11,31,0.0
ENERGÉTICO,ENERGETICO TNT ENERGY DRINK ZERO 269ML,0.0,5.915,13.99,2026-04-03,39,0.0
SNACK DIVERSOS,BATATA FRITA LISA KELEEK CHURRASCO 90G,0.0,4.49,8.99,2026-05-02,10,0.0
ACHOCOLATADO,NESCAFÉ ALEGRIA. NESCAU.,0.0,3.332238,8.5,2026-05-03,9,0.0
AGUA SABORIZADA,H2O LIMONETO ZERO AÇUCAR LATA 350ML,0.0,2.388333,5.99,2026-05-05,7,0.0
BISCOITO,ADRIA BISCOITO MOUSSE CHOCOLATE MEIO AMARGO 130G,0.0,2.7,4.99,2026-05-01,11,0.0
BISCOITO,ADRIA BISCOITO MOUSSE DE CHOCOLATE 130G,0.0,2.81,4.99,2026-05-08,4,0.0
BISCOITO,ADRIA MOUSSE MORANGO COM CHOCOLATE 130G,0.0,2.8,4.99,2026-05-01,11,0.0
CERVEJA ESPECIAIS,CERVEJA SKOL LATA 350ML,0.0,2.858889,5.99,2025-03-08,430,0.0
CERVEJA FEMSA,AMSTEL LATA 350ML,0.0,2.822441,5.99,2023-12-20,874,0.0
CHICLETE,GOMA DE MASCAR SPEARMINT TRIDENT X SENSES POTE 54G 28 UNIDADES,0.0,7.816667,22.99,2026-04-19,23,0.0
CHICLETE,"TRIDENT GAMERS ACID BERRY 48,3G",0.0,9.15,22.99,2026-03-14,59,0.0
CHICLETE,"TRIDENT GAMERS CITRUS MAX SEM ACUCAR 48,3G",0.0,8.658333,22.99,2026-04-10,32,0.0
CHICLETE,"TRIDENT MELANCIA 14UN 25,2GR",0.0,4.995833,13.99,2025-12-01,162,0.0
CHICLETE,TRIDENT X SENSES MELANCIA MINT 28UN,0.0,8.658333,22.99,2025-12-06,157,0.0
CHICLETE,TRIDENT XSENSES MORANGO LIME 54G,0.0,9.15,22.99,2025-12-17,146,0.0
AGUA,AGUA TONICA FYS 350ML,0.0,2.481667,6.99,2025-11-05,188,0.0
AGUA,AGUA TONICA PETRA 350ML,0.0,2.573333,6.99,2024-04-14,758,0.0
AGUARDENTES,BEBIDA ALCOOLICA ICE LEEV MELANCIA 275ML,0.0,5.146667,12.99,2026-02-10,91,0.0
AMENDOIN/NOZES,AMENDOIM AMENDUPA COM PELE 50G,0.0,1.445714,2.99,2026-01-26,106,0.0
AMENDOIN/NOZES,AMENDOIM ELMA CHIPS OVINHO 145G,0.0,6.288333,11.99,2026-04-08,34,0.0
CHOCOLATE NESTLE,NESTLE PRESTIGIO BANANA 33G,-3.0,3.586667,7.99,2026-05-09,3,0.0
PHILIP MORRIS,MARLBORO RED SELECTION MACO,-21.0,8.541,9.25,2026-05-10,2,0.0
PILHAS,PILHA RAYOVAC TUBO AAA PALITO 40UN,-1.0,3.934,7.99,2026-05-09,3,0.0
SALGADO ASSADO/FRITO,FANDANGOS PRESUNTO 85G,0.0,6.423928,11.99,2026-05-10,2,0.0
SORVETE KIBON,KIBON MAGNUM ZERO CHOCOLATE 90ML,-2.0,13.605169,19.9,2026-05-07,5,0.0
SUCO,SUCO NATURAL ONE LARANJA 300ML,0.0,4.89,12.99,2026-05-09,3,0.0
BISCOITO,BISCOITO BON O BON CHOCOLATE 76G,0.0,3.995,7.99,2026-05-10,2,0.0
BISCOITO,OREO ORIGINAL 90GR,-2.0,3.672,6.99,2026-05-06,6,0.0
CARVÃO,CARVÃO 4KG,0.0,21.2,44.99,2026-05-10,2,0.0
BISCOITO,NESTLE BONO RECH. DOCE DE LEITE 90G,0.0,2.486667,4.99,2026-05-05,7,0.0
CHOCOLATE DIVERSOS,CHOCOLATE BIS LACTA,-4.0,5.991571,14.99,2026-05-09,3,0.0
CERVEJA AMBEV,SKOL BEATS RED MIX 269ML,0.0,0.0,10.99,2026-03-24,49,0.0
CERVEJA AMBEV,SKOL BEATS RED MIX SABOR FRUTAS VERMELHAS 269ML,0.0,6.535,15.99,2026-02-06,95,0.0
AMENDOIN/NOZES,AMENDOIM ELMA CHIPS S/PELE 100G,0.0,6.588149,11.99,2026-04-21,21,0.0
BALA,BALA DE GOMA GOMUTCHO 31G,0.0,0.502902,1.99,2026-01-29,103,0.0
BALA FINI,BALA FINI REGALIZ TUBES ACIDO MORANGO 80G,0.0,4.771667,10.99,2026-01-04,128,0.0
BALA FINI,BALA FINI TUBES MORANGO 17G,0.0,0.851807,1.99,2026-01-26,106,0.0
BALA FINI,BALA FINI TUBES TUTTI-FRUTTI 15G,0.0,0.8675,1.99,2026-02-26,75,0.0
CERVEJA ESPECIAIS,CERVEJA CORONA EXTRA 350ML,0.0,4.364375,8.99,2026-04-05,37,0.0
PHILIP MORRIS,MARLBORO GOLD SELECTION MACO,-27.0,8.540776,9.25,2026-05-10,2,0.0
SNACK ELMA CHIPS,BATATA RUFFLES TUBO ORIGINAL 100G,0.0,8.628154,15.99,2026-05-06,6,0.0
BISCOITO,CLUB SOCIAL PIZZA MARGUERITA 68G,0.0,4.61,8.99,2026-05-04,8,0.0
BISCOITO,CLUB SOCIAL SNACK ASSADO CHURRASCO 68G,-1.0,4.61,8.99,2026-05-06,6,0.0
SORVETE KIBON,KIBON FRUTTARE ABACAXI,12.0,0.0,10.9,2026-05-06,6,0.0
SORVETE PERFETTO,PERFETTO PATRULHA CANINA 50G,0.0,4.47375,8.75,2026-05-08,4,0.0
HIGIENE PESSOAL,ALCOOL EM GEL PARA MAOS GIOVANNA BABY 500ML,0.0,1.89,5.99,,9999,0.0
HIGIENE PESSOAL,HIDRATANTE LABIAL CARMED FINI BEIJOS GLITTER 10G,0.0,15.54,29.99,,9999,0.0
HIGIENE PESSOAL,PRESERVATIVO OLLA 3UN,0.0,6.7775,9.99,2022-11-14,1275,0.0
IOGURTE,IOGURTE DANONE MORANGO 170GR,0.0,3.14,6.99,2026-03-05,68,0.0
ISOTÔNICO,GATORADE MARACUJÁ 500ML,0.0,4.693333,11.99,2025-12-01,162,0.0
CEREAIS,BARRA PROTEICA BOLD COOKIES E CREAM 40G,-2.0,6.934498,13.99,2026-05-10,2,0.0
NESCAFÉ BEBIDAS,KIT KAT NESCAFÉ,0.0,5.240075,8.5,2026-05-03,9,0.0
SOUZA CRUZ,DUNHILL OF LONDON BLUE BLEND BOX,-8.0,13.850928,15.0,2026-05-10,2,0.0
ISOTÔNICO,GATORADE TANGERINA 500ML,0.0,4.693333,11.99,2026-01-16,116,0.0
ISOTÔNICO,GATORADE UVA 500ML,0.0,4.253358,11.99,2026-04-29,13,0.0
ISOTÔNICO,POWERADE SOUR MACA VERDE 500ML,0.0,3.551667,8.99,2025-12-02,161,0.0
ISOTÔNICO,POWERADE TANGERINA 500ML,0.0,3.551667,8.99,2026-03-20,53,0.0
ISQUEIROS,ISQUEIRO BIC MAXI BERCO BLISTER UN,0.0,4.84,7.99,,9999,0.0
ISQUEIROS,ISQUEIRO CLIPPER MINI LISO UN,0.0,1.924084,3.99,2026-02-22,79,0.0
JTI,CAMEL DOUBLE MELANCIA,0.0,13.815,15.0,2026-02-12,89,0.0
JTI,CAMEL DOUBLE MINT E PURPLE,0.0,13.576947,15.0,2025-08-06,279,0.0
JTI,CIGARRO INDONESIA KRETEK CAMEL OPTION,0.0,13.904958,16.0,2025-07-27,289,0.0
SNACK ELMA CHIPS,DORITOS DINAMITE FLAMIN HOT 60G,0.0,3.426667,6.99,2026-05-01,11,0.0
SORVETE KIBON,KIBON MAGNUM PRALINE 69G,-2.0,13.987107,19.9,2026-05-08,4,0.0
SOUZA CRUZ,DUNHILL IN BLUE BOX POS,-26.0,11.75516,12.75,2026-05-10,2,0.0
SOUZA CRUZ,DUNHILL INSIGNIA RED BOX,-30.0,11.760006,12.75,2026-05-10,2,0.0
SOUZA CRUZ,DUNHILL OF LONDON CARLTON BLEND BOX,-145.0,13.8506,15.0,2026-05-10,2,0.0
SUCO,BEBIDA LACTEA YOPRO MORANGO 15G PROTEINA 250ML,0.0,7.49,14.99,2026-05-10,2,0.0
JTI,WINSTON X STYLE RED,0.0,8.505965,9.0,2026-05-03,9,0.0
SORVETE JUNDIÁ,SORVETE JUNDIÁ COPAO RADICAL FLOCOS,-1.0,7.688333,15.0,2026-05-08,4,0.0
BISCOITO,BISCOITO NESTLE CHOCO BISCUIT AO LEITE 78G,-4.0,5.312,9.99,2026-05-10,2,0.0
MENTOS,"BALA MENTOS RAINBOW 37,5G",-2.0,2.549555,4.99,2026-05-06,6,0.0
ISQUEIROS,ISQUEIRO CLIPPER MAXI GRAFITE,0.0,2.222449,7.99,2026-05-09,3,0.0
CHOCOLATE GAROTO,CHOCOLATE GAROTO AMENDOIM CROCANTE 25G 2UN,-5.0,2.437842,5.99,2026-05-08,4,0.0
DOCES DIVERSOS,PAÇOCA PREMIUM ARTESANAL 60G,-11.0,1.9495,4.99,2026-05-08,4,0.0
AMENDOIN/NOZES,AMENDOIM JAPONES ELMA CHIPS 145G,-4.0,6.413142,11.99,2026-05-08,4,0.0
ÁGUA DE COCO,AGUA DE COCO KERO COCO 330ML,0.0,4.753334,9.99,2026-03-20,53,0.0
ENERGÉTICO,ENERGETICO RED BULL POMELO SUGARFREE 250ML,0.0,7.423846,17.99,2026-05-10,2,0.0
PHILIP MORRIS,LM FIRST CUT BLUE,-96.0,7.156,7.75,2026-05-10,2,0.0
MENTOS,"BALA MENTOS STK TUTTI FRUTTI 37,5G",0.0,2.12875,4.99,,9999,0.0
SORVETE JUNDIÁ,SORVETE JUNDIÁ PICOLE BRICOLE,-2.0,5.70756,10.5,2026-05-06,6,0.0
PADARIA,CIABATTA MANIA FOODS CARNE SECA 155G,0.0,9.6,14.9,2026-02-04,97,0.0
PADARIA,CIABATTA MANIA FOODS FRANGO E BACON 170G,0.0,9.6,14.9,2026-02-02,99,0.0
PADARIA,CIABATTA MANIA FOODS PRESUNTO E QUEIJO 170G,0.0,9.416666,14.9,2026-01-10,122,0.0
PADARIA,MINI PANETONE COM GOTAS DE CHOCOLATE BAUDUCCO 80G,0.0,4.72,7.99,2026-02-24,77,0.0
SANDUÍCHE,SANDUICHE NATURAL MANIA LANCHES ATUM 140GR,-3.0,9.6,14.9,2026-05-08,4,0.0
JTI,CIGARRO LM FIRST CUT GREY BOX,-28.0,7.156,7.75,2026-05-09,3,0.0
SOUZA CRUZ,LUCKY STRIKE DOUBLE FROST,-27.0,11.773,12.75,2026-05-10,2,0.0
PASTILHAS,BALA TIC TAC MENTA FRUTAS 16G,0.0,2.021071,4.99,2026-04-26,16,0.0
BISCOITO,BISCOITO ITAMARATY WAFFER LOOK MORANG 55GR,0.0,2.703333,4.99,2025-12-07,156,0.0
BISCOITO,BISCOITO RECHEADO BONO COCO 90G,0.0,2.8,5.89,2026-02-10,91,0.0
SOUZA CRUZ,ROTHMANS OF LONDON CLASSIC RED,0.0,7.387,8.0,2026-05-10,2,0.0
BISCOITO,CLUB SOCIAL SNACK CEBOLA E SALSA 68G,0.0,4.61,8.99,2026-04-03,39,0.0
BISCOITO,LACTA COOKIE AO LEITE 80GR,0.0,4.41,7.99,2026-04-17,25,0.0
JTI,WINSTON CLASSIC HAND SELECTED,-65.0,7.368,8.0,2026-05-10,2,0.0
BISCOITO,NESTLE CLASSIC COOKIE CHOC GOTAS 60G,-4.0,2.6075,5.99,2026-04-28,14,0.0
BISCOITO,NESTLE PASSATEMPO RECHEIO DE CHOCO MORANGO 130GR,0.0,3.23,5.99,2026-03-27,46,0.0
CAFÉ,"NESCAFÉ CAPPUCCINO LATTE 1,3KG",0.0,0.217005,0.0,,9999,0.0
CEREAIS,BARRA CEREAL NUTRY BANANA ZERO 23G,0.0,3.273333,6.99,2025-11-07,186,0.0
CEREAIS,BARRA CEREAL NUTRY CHOCOLATE AO LEITE 30G,0.0,4.920324,9.99,2026-03-29,44,0.0
CERVEJA AMBEV,HEINEKEN PURO MALTE RETORNAVEL 330ML,0.0,6.022292,12.99,2025-12-21,142,0.0
CERVEJA AMBEV,SKOL BEATS CAIPIRINHA 269ML,0.0,5.423388,12.99,2025-12-16,147,0.0
PHILIP MORRIS,CHESTERFIELD REMIX BLOSSOM MINT BOX,0.0,9.464028,10.5,2025-12-22,141,0.0
PHILIP MORRIS,CIGARRO HARMONY SLIMS,0.0,11.541,12.75,2026-01-04,128,0.0
PHILIP MORRIS,MARLBORO BLOSSOM FUSION BOX,0.0,12.453617,13.75,2025-07-25,291,0.0
PILHAS,PILHA RAYOVAC AA PEQUENA TUBO UN,0.0,3.696,7.99,2025-11-01,192,0.0
PIPOCA,PIPOCA FORMIGAO 120G,0.0,2.893565,5.99,2026-04-09,33,0.0
REFRIGERANTE,REFRIGERANTE FYS GUARANA 350ML,0.0,0.0,4.99,2026-02-16,85,0.0
REFRIGERANTE,"SCHWEPPS CITRUS 1,5LT",0.0,0.0,16.99,2026-04-09,33,0.0
REFRIGERANTE,SPRITE MINI PET 200ML,0.0,1.513333,3.99,2026-04-24,18,0.0
SALGADO ASSADO/FRITO,CROISSANT 7 DAYS CHOCOLATE 45G,0.0,3.99,8.99,2026-02-28,73,0.0
SNACK DIVERSOS,BATATA FRITA LAYS SALT E VINEGAR 70G,0.0,7.684,13.99,2026-01-06,126,0.0
SNACK DIVERSOS,BATATA FRITA LISA KELECK BARBECUE 90G,0.0,4.49,8.99,2026-04-18,24,0.0
SNACK DIVERSOS,BATATA PRINGLES STRANGER THINGS BACON 100G,0.0,10.906667,19.99,2025-12-21,142,0.0
SNACK DIVERSOS,CEBOLITOS 36G,0.0,2.90775,5.99,2026-03-29,44,0.0
SNACK DIVERSOS,EBICEN SALGADINHO SABOR CAMARAO 30G,0.0,2.624,4.99,2025-12-30,133,0.0
SNACK DIVERSOS,EBICEN SALGADINHO SABOR CEBOLA 30G,0.0,2.638,4.99,2026-01-05,127,0.0
SNACK DIVERSOS,PINGO D OURO BACON 76G,0.0,4.59125,8.99,2026-03-01,72,0.0
SUCO,BEBIDA LACTEA YOPRO CHOCOLATE 250ML,0.0,7.49,14.99,2026-05-09,3,0.0
SOUZA CRUZ,ROTHMANS INTERNACIONAL BLUE,-26.0,9.926333,10.75,2026-05-10,2,0.0
CHOCOLATE LACTA,LACTA BIS XTRA LAKA 45GR AZUL,0.0,3.58125,8.99,2026-05-02,10,0.0
SUCO,DEL VALLE FRUT UVA 1LT,0.0,4.155515,7.99,2026-05-09,3,0.0
CHICLETE,"TRIDENT XFRESH INTENSE 26,6GR",-3.0,4.995833,13.99,2026-05-10,2,0.0
SNACK DIVERSOS,SALGADINHO CHEEZ IT PARMESSAO SNACK 65G,0.0,0.0,4.99,2026-02-07,94,0.0
SNACK DIVERSOS,SALGADINHO CHEEZ IT SNAPD NACHO EXPLOSION 45G,0.0,2.906,4.99,2026-02-26,75,0.0
SNACK DIVERSOS,SALGADINHO CHEEZ IT SNAPD QUEIJO 45G,0.0,2.792222,4.99,2026-03-05,68,0.0
SNACK DIVERSOS,SALGADINHO POINT BACON 60G,0.0,2.030833,3.99,2025-12-31,132,0.0
SNACK DIVERSOS,SALGADINHO TOP SNACKS COSTELINHA COM LIMAO 51G,0.0,2.4,4.99,2026-04-24,18,0.0
SNACK DIVERSOS,YOKITOS CONCHINHAS PRESUNTO 54GR,-3.0,2.631437,5.99,2026-04-25,17,0.0
SNACK DIVERSOS,YOKITOS REDINHA QUEIJO 45GR,0.0,2.863056,5.99,2026-03-22,51,0.0
SNACK ELMA CHIPS,BACONZITOS 34G,0.0,3.078983,5.99,2026-02-20,81,0.0
SNACK ELMA CHIPS,BATATA RUFFLES CEBOLA E SALSA 32G,0.0,3.056534,5.99,2026-03-20,53,0.0
SNACK ELMA CHIPS,BATATA RUFFLES ORIGINAL 32G,0.0,2.884445,5.99,2026-03-18,55,0.0
SNACK ELMA CHIPS,BATATA RUFFLES SOUR CREAM E CEBOLA 100G,0.0,8.99,15.99,2026-04-16,26,0.0
SNACK ELMA CHIPS,CEBOLITOS 45G,0.0,2.94625,5.99,2024-10-07,582,0.0
SNACK ELMA CHIPS,CEBOLITOS 91G,0.0,7.2131,13.99,2026-04-27,15,0.0
SNACK ELMA CHIPS,CHEETOS ASSADO BOLA QUEIJO SUICO 37G,0.0,2.504222,5.99,2026-04-22,20,0.0
SNACK ELMA CHIPS,CHEETOS ASSADO LUA QUEIJO 40G,0.0,3.014658,5.99,2026-02-16,85,0.0
SNACK ELMA CHIPS,CHEETOS ASSADO MIX QUEIJO 41G,0.0,3.063334,5.99,2026-03-14,59,0.0
SNACK ELMA CHIPS,CHEETOS CRUNCHY PIMENTA MEXICANA 47G,0.0,1.854,5.99,2026-01-16,116,0.0
SNACK ELMA CHIPS,CHEETOS LUA PARMESAO 95G,0.0,7.59585,13.99,2026-02-27,74,0.0
SNACK ELMA CHIPS,CHEETOS MIX DE QUEIJOS 82G,0.0,6.84,13.99,2026-03-13,60,0.0
SNACK ELMA CHIPS,CHEETOS ONDA 45G,0.0,2.848486,5.99,2026-03-20,53,0.0
SNACK ELMA CHIPS,CHEETOS ONDA REQUEIJAO 105G,0.0,6.812679,13.99,2026-03-11,62,0.0
SNACK ELMA CHIPS,DORITOS KETCHUP 37G,0.0,3.5675,6.99,2026-02-25,76,0.0
SNACK ELMA CHIPS,DORITOS SWEET CHILLI 37G,0.0,3.7875,6.99,2026-04-16,26,0.0
SNACK ELMA CHIPS,FANDANGOS PRESUNTO 105G,0.0,6.9478,12.99,2026-02-23,78,0.0
SNACK ELMA CHIPS,FANDANGOS PRESUNTO 37G,0.0,2.306768,3.99,2026-03-09,64,0.0
SNACK ELMA CHIPS,FANDANGOS QUEIJO 105G,0.0,6.797676,12.99,2026-03-09,64,0.0
REFRIGERANTE,ANTARCTICA GUARANA 600ML,0.0,4.09,8.99,2026-05-10,2,0.0
SOUZA CRUZ,ROTHMANS BOX OF LONDON RED GLOBAL,-28.0,7.156133,7.75,2026-05-08,4,0.0
SNACK ELMA CHIPS,FANDANGOS QUEIJO 37G,0.0,2.177778,3.99,2026-03-08,65,0.0
SNACK ELMA CHIPS,LAY'S CLASSICA 70G,0.0,7.327867,13.99,2026-04-03,39,0.0
SNACK ELMA CHIPS,LAY'S SOUR CREAM 70G,0.0,4.764,13.99,2026-03-20,53,0.0
SNACK ELMA CHIPS,RUFFLES CHURRASCO 32G,0.0,2.743222,5.99,2026-03-16,57,0.0
SNACK ELMA CHIPS,RUFFLES CHURRASCO 68GR,0.0,7.593223,13.99,2026-04-09,33,0.0
SNACK ELMA CHIPS,SENSAÇÕES SABOR FRANGO GRELHADO 40G,0.0,4.2275,7.99,2026-03-13,60,0.0
SNACK ELMA CHIPS,SENSAÇÕES SABOR PEITO DE PERU 40G,0.0,4.23,7.99,2026-03-10,63,0.0
SNACK PRINGLES,PRINGLES BATATA PIZZA CALABRESA 105G,0.0,10.905,19.99,2025-12-24,139,0.0
SNACK TORCIDA,SALGADINHO PÃO DE ALHO TORCIDA CHURRAS 60G,0.0,1.554167,3.99,2025-11-20,173,0.0
SNACK TORCIDA,SALGADINHO TORCIDA CHURRASCO 60G,0.0,1.8,3.99,2026-03-15,58,0.0
SNACK TORCIDA,TORCIDA CHURRAS VINAGRETE 60G,0.0,1.1115,3.99,2025-11-15,178,0.0
SNACK TORCIDA,TORCIDA COSTELA C/ LIMAO 60G,0.0,1.760833,3.99,2026-02-17,84,0.0
SORVETE JUNDIÁ,SORVETE JUNDIA MAX CHOCO MEIO AMARGO 75G,0.0,8.575,14.5,2025-09-28,226,0.0
SORVETE JUNDIÁ,SORVETE JUNDIA SABOR MAX TRUFADINHO 70G,0.0,8.475833,14.5,2026-01-13,119,0.0
SORVETE JUNDIÁ,SORVETE JUNDIÁ ABACAXI AO VINHO 2LTS,0.0,24.0,41.99,2026-04-30,12,0.0
SORVETE JUNDIÁ,SORVETE JUNDIÁ ACAI C/GUARANA 60G,0.0,4.88,9.5,2025-10-25,199,0.0
SORVETE JUNDIÁ,SORVETE JUNDIÁ BOMBOM 2LTS,0.0,24.0,41.99,2026-04-06,36,0.0
SORVETE JUNDIÁ,SORVETE JUNDIÁ BRIGADEIRO 2LTS,0.0,24.0,41.99,2026-04-30,12,0.0
SORVETE JUNDIÁ,SORVETE JUNDIÁ CHOCOLATE 2LTS,0.0,25.9,41.99,2025-09-21,233,0.0
SORVETE JUNDIÁ,SORVETE JUNDIÁ COCO BRANCO 2LTS,0.0,26.8,41.99,2025-12-26,137,0.0
SOUZA CRUZ,LUCKY STRIKE BLUE AMERICAN ORIGINAL MACO,-4.0,11.52392,12.5,2026-05-08,4,0.0
SOUZA CRUZ,LUCKY STRIKE RED AMERICAN ORIGINAL,-4.0,11.542028,12.5,2026-05-07,5,0.0
SOUZA CRUZ,ROTHMANS RED OF LONDON,-85.0,8.3105,9.0,2026-05-10,2,0.0
SOUZA CRUZ,ROTHMANS SILVER OF LONDON,-47.0,8.310405,9.0,2026-05-10,2,0.0
SUCO,KAPO LARANJA 200ML,0.0,0.0,4.99,2025-11-29,164,0.0
SANDUÍCHE,SANDUICHE NATURAL MANIA LANCHE 3 QUEIJOS,-3.0,9.6,14.9,2026-05-10,2,0.0
SANDUÍCHE,SANDUICHE NATURAL MANIA LANCHES FILE DE FRANGO 160GR,-4.0,9.6,14.9,2026-05-08,4,0.0
SANDUÍCHE,SANDUICHE NATURAL MANIA LANCHES PEITO DE PERU C/TOMATE SECO,-5.0,9.6,14.9,2026-05-10,2,0.0
SANDUÍCHE,SANDUICHE NATURAL MANIA LANCHES SALAME COM PROVOLONE 140GR,-3.0,9.6,14.9,2026-05-09,3,0.0
REFRIGERANTE,FANTA LARANJA LATA 220ML,-2.0,1.886667,3.99,2026-05-07,5,0.0
SUCO,SUCO 100 SUCO DE LARANJA E MORANGO 200ML,0.0,4.08,8.99,2026-03-05,68,0.0
SNACK ELMA CHIPS,BACONZITOS 86G,0.0,7.744643,13.99,2026-05-09,3,0.0
SOUZA CRUZ,LUCK BLUE,-41.0,7.15608,7.75,2026-05-09,3,0.0
SOUZA CRUZ,LUCKY STRIKE ORIGINAL BLEND MAÇO,0.0,11.311,12.5,2024-11-28,530,0.0
SOUZA CRUZ,LUCKY STRIKE RA PATTERSON BLUE,0.0,6.775,7.75,2026-01-15,117,0.0
SOUZA CRUZ,ROTHMANS BLUE BOX OF LONDON,0.0,2.009667,9.0,2025-11-07,186,0.0
SOUZA CRUZ,ROTHMANS BLUE BOX OF LONDON GLOBAL,0.0,6.001889,7.75,2024-11-21,537,0.0
SOUZA CRUZ,ROTHMANS RED BOX OF LONDON GLOBAL,0.0,6.463667,7.75,2025-02-11,455,0.0
SOUZA CRUZ,ROTHMANS RED SERIES BOX,0.0,6.463655,9.0,2024-11-20,538,0.0
SOUZA CRUZ,ROTHMANS SILVER MACO,0.0,8.1304,9.0,2026-04-05,37,0.0
SUCO,BEBIDA LACTEA YOPRO BANANA 250ML,0.0,7.49,14.99,2026-04-27,15,0.0
SUCO,BEBIDA LACTEA YOPRO COCO/ BATATA DOCE 250ML,0.0,7.49,14.99,2026-01-02,130,0.0
SUCO,DEL VALLE UVA 1LT,0.0,7.648333,15.99,2026-04-04,38,0.0
UTILIDADES DOMESTICAS,BARALHO COPAG DUNGA,0.0,9.82,19.99,,9999,0.0
BISCOITO,WAFER HANUTA AVELA,0.0,3.85,6.99,2026-02-15,86,0.0
BISCOITO,WAFER RECHEADO OURO BRANCO 25G,0.0,1.783512,3.99,2024-11-03,555,0.0
BISCOITO,WAFER RECHEADO SONHO DE VALSA 25G,0.0,1.793333,3.99,2024-08-03,647,0.0
BISCOITO,BISCOITO ITAMARATY WAFFER LOOK CHOCO 55GR,0.0,2.857886,4.99,2025-12-21,142,0.0
SNACK ELMA CHIPS,SALGADINHO STIKSY ELMA CHIPS CLASSICO 76G,-3.0,3.524286,8.99,2026-05-09,3,0.0
SORVETE JUNDIÁ,"SORVETE JUNDIÁ FASCINO CHOC C/ AVELA 1,5L",0.0,24.54,43.99,2026-04-25,17,0.0
SORVETE JUNDIÁ,"SORVETE JUNDIÁ FASCINO COLLECTION TRUF. BIANCO 1,5L",0.0,24.54,43.99,2026-04-11,31,0.0
SORVETE JUNDIÁ,SORVETE JUNDIÁ MAX BROWNIE 75GR,0.0,8.575,14.5,2026-04-06,36,0.0
PHILIP MORRIS,CHESTERFIELD TERRAS BRASILEIRAS AZUL FB KS RCB 20,-8.0,8.077956,8.75,2026-05-10,2,0.0
SORVETE KIBON,KIBON FRUTILLY MORANGO NAPOLITANO,-1.0,4.180769,8.9,2026-05-08,4,0.0
SOUZA CRUZ,ROTHMANS OF LONDON BLUE BOX,-64.0,7.386954,8.0,2026-05-09,3,0.0
JTI,WINSTON BLUE BOX HAND SELECTED,-63.0,5.441708,8.0,2026-05-10,2,0.0
SOUZA CRUZ,KENT RED SERIES BRA WILLIS,0.0,11.776,12.75,2025-10-24,200,0.0
SOUZA CRUZ,LUCKY STRIKE BLUE MAÇO,0.0,10.96827,12.5,2024-11-02,556,0.0
SOUZA CRUZ,LUCKY STRIKE DOUBLE FRESH,0.0,11.773,12.75,2021-07-31,1746,0.0
SOUZA CRUZ,LUCKY STRIKE FRESH DOUBLE ICE 20UN,0.0,12.4655,13.25,2025-07-21,295,0.0
SOUZA CRUZ,LUCKY STRIKE FRESH DOUBLE ICE X,0.0,11.54225,12.75,2025-10-26,198,0.0
SOUZA CRUZ,LUCKY STRIKE ORIGINAL BLEND,0.0,10.956217,12.5,2024-10-25,564,0.0
WHISK,WHISKY RED LABEL 750ML,0.0,0.0,125.99,2026-03-17,56,0.0
ACESSÓRIOS DIVERSOS,GITANES AGUA PARA BATERIA 1LT,-13.0,2.69,6.99,2026-05-10,2,0.0
BISCOITO,OREO CHOCOLATE 90G,0.0,3.6,6.99,2026-04-12,30,0.0
BISCOITO,OREO MILKSHAKE DE MORANGO 90GR,0.0,3.45,6.99,2026-03-24,49,0.0
BISCOITO,PALITO LOOK CHOCOLATE 55GR,0.0,3.178,5.99,2026-01-11,121,0.0
BISCOITO,PALITO LOOK MORANGO 55GR,0.0,2.926904,5.99,2025-11-24,169,0.0
BISCOITO,PIRAQUE BISCOITO PRESUNTINHO 100GR,0.0,3.44,6.99,2026-04-27,15,0.0
BISCOITO,PIRAQUE ROLADINHO GOIABINHA 75GR,0.0,3.98,7.99,2026-04-26,16,0.0
SUCO,DEL VALLE LARANJA 1LT,0.0,7.648333,15.99,2026-04-18,24,0.0
UTILIDADES DOMESTICAS,"LOCTITE SUPER BONDER ORIGINAL 3,6G",0.0,4.421538,8.99,2026-03-29,44,0.0
PHILIP MORRIS,LM FIRST CUT RED,-26.0,7.156,7.75,2026-05-10,2,0.0
REFRIGERANTE,SPRITE FRESH 510ML,-7.0,2.923876,5.99,2026-05-09,3,0.0
CAFÉ,NESCAFÉ ALEGRIA. ALPINO,0.0,6.298488,8.5,2026-05-03,9,0.0
CAFÉ,NESCAFÉ ALEGRIA. CAPPUCCINO ALPINO,0.0,8.424108,8.5,2026-05-02,10,0.0
CAFÉ,NESCAFÉ ALEGRIA. MOKACCINO DOIS FRADES,0.0,7.03907,8.5,2026-05-09,3,0.0
CHOCOLATE LACTA,CHOCOLATE LACTA LAKA 80G,0.0,7.561522,16.99,2026-05-02,10,0.0
SORVETE KIBON,KIBON CORNETTO BRIGADEIRO 65G,0.0,10.691134,16.9,2025-10-17,207,0.0
SORVETE KIBON,"KIBON CREMOSISSIMO CHOCOLATE 1,5L",0.0,21.8975,39.99,2026-01-11,121,0.0
SORVETE KIBON,KIBON ESKIBON,0.0,5.692159,12.9,2026-04-22,20,0.0
SORVETE KIBON,KIBON FRUTTARE TANGERINA 59G,0.0,6.216429,10.9,2026-03-24,49,0.0
SORVETE KIBON,KIBON FRUTTARE UVA,0.0,6.019738,10.9,2026-03-28,45,0.0
SORVETE KIBON,KIBON MAGNUM AMENDOAS 72G,0.0,13.722534,19.9,2026-04-06,36,0.0
SNACK PRINGLES,PRINGLES BATATA CREME E CEBOLA 109G,-2.0,11.57883,19.99,2026-05-10,2,0.0
SNACK PRINGLES,PRINGLES BATATA ORIGINAL 104G,-2.0,11.580915,19.99,2026-05-09,3,0.0
SUCO,DEL VALLE FRUT LARANJA 250ML,0.0,1.261667,2.99,2024-09-05,614,0.0
