data,evento,tipo,dias_para_evento,categorias,uplift_dia
2016-01-01,Confraternização Universal,feriado_oficial,0,todas,1.1
2016-01-02,Confraternização Universal,feriado_oficial,-1,todas,1.05
2016-01-25,Aniversário de São Paulo,evento_local,0,cerveja;refrigerante,1.1
2016-03-03,Dia Internacional da Mulher,data_comercial,5,chocolate;vinho;espumante;flores,1.18
2016-03-04,Dia Internacional da Mulher,data_comercial,4,chocolate;vinho;espumante;flores,1.2
2016-03-05,Dia Internacional da Mulher,data_comercial,3,chocolate;vinho;espumante;flores,1.3
2016-03-06,Dia Internacional da Mulher,data_comercial,2,chocolate;vinho;espumante;flores,1.4
2016-03-07,Dia Internacional da Mulher,data_comercial,1,chocolate;vinho;espumante;flores,1.5
2016-03-08,Dia Internacional da Mulher,data_comercial,0,chocolate;vinho;espumante;flores,1.6
2016-03-12,Dia do Consumidor,data_comercial,3,todas,1.06
2016-03-13,Dia do Consumidor,data_comercial,2,todas,1.1
2016-03-14,Dia do Consumidor,data_comercial,1,todas,1.15
2016-03-15,Dia do Consumidor,data_comercial,0,todas,1.2
2016-03-16,Dia do Consumidor,data_comercial,-1,todas,1.15
2016-03-25,Sexta-feira Santa,feriado_oficial,0,todas,1.1
2016-03-26,Aniversário de Barueri,evento_local,0,cerveja;refrigerante;snack,1.15
2016-03-26,Sexta-feira Santa,feriado_oficial,-1,todas,1.05
2016-04-21,Tiradentes,feriado_oficial,0,todas,1.1
2016-04-22,Tiradentes,feriado_oficial,-1,todas,1.05
2016-04-28,Dia das Mães,data_comercial,10,chocolate;vinho;espumante;perfume,1.36
2016-04-29,Dia das Mães,data_comercial,9,chocolate;vinho;espumante;perfume,1.36
2016-04-30,Dia das Mães,data_comercial,8,chocolate;vinho;espumante;perfume,1.36
2016-05-01,Dia das Mães,data_comercial,7,chocolate;vinho;espumante;perfume,1.436
2016-05-01,Dia do Trabalhador,feriado_oficial,0,todas,1.1
2016-05-02,Dia das Mães,data_comercial,6,chocolate;vinho;espumante;perfume,1.545
2016-05-02,Dia do Trabalhador,feriado_oficial,-1,todas,1.05
2016-05-03,Dia das Mães,data_comercial,5,chocolate;vinho;espumante;perfume,1.655
2016-05-04,Dia das Mães,data_comercial,4,chocolate;vinho;espumante;perfume,1.764
2016-05-05,Dia das Mães,data_comercial,3,chocolate;vinho;espumante;perfume,1.873
2016-05-06,Dia das Mães,data_comercial,2,chocolate;vinho;espumante;perfume,1.982
2016-05-07,Dia das Mães,data_comercial,1,chocolate;vinho;espumante;perfume,2.091
2016-05-08,Dia das Mães,data_comercial,0,chocolate;vinho;espumante;perfume,2.2
2016-06-05,Dia dos Namorados,data_comercial,7,chocolate;vinho;espumante;cerveja_premium,1.45
2016-06-06,Dia dos Namorados,data_comercial,6,chocolate;vinho;espumante;cerveja_premium,1.45
2016-06-07,Dia dos Namorados,data_comercial,5,chocolate;vinho;espumante;cerveja_premium,1.562
2016-06-08,Dia dos Namorados,data_comercial,4,chocolate;vinho;espumante;cerveja_premium,1.75
2016-06-09,Dia dos Namorados,data_comercial,3,chocolate;vinho;espumante;cerveja_premium,1.938
2016-06-10,Dia dos Namorados,data_comercial,2,chocolate;vinho;espumante;cerveja_premium,2.125
2016-06-11,Dia dos Namorados,data_comercial,1,chocolate;vinho;espumante;cerveja_premium,2.312
2016-06-12,Dia dos Namorados,data_comercial,0,chocolate;vinho;espumante;cerveja_premium,2.5
2016-07-09,Revolução Constitucionalista,feriado_oficial,0,todas,1.1
2016-07-10,Revolução Constitucionalista,feriado_oficial,-1,todas,1.05
2016-08-04,Dia dos Pais,data_comercial,10,cerveja;whisky;cachaca;vinho_tinto;snack,1.27
2016-08-05,Dia dos Pais,data_comercial,9,cerveja;whisky;cachaca;vinho_tinto;snack,1.27
2016-08-06,Dia dos Pais,data_comercial,8,cerveja;whisky;cachaca;vinho_tinto;snack,1.27
2016-08-07,Dia dos Pais,data_comercial,7,cerveja;whisky;cachaca;vinho_tinto;snack,1.327
2016-08-08,Dia dos Pais,data_comercial,6,cerveja;whisky;cachaca;vinho_tinto;snack,1.409
2016-08-09,Dia dos Pais,data_comercial,5,cerveja;whisky;cachaca;vinho_tinto;snack,1.491
2016-08-10,Dia dos Pais,data_comercial,4,cerveja;whisky;cachaca;vinho_tinto;snack,1.573
2016-08-11,Dia dos Pais,data_comercial,3,cerveja;whisky;cachaca;vinho_tinto;snack,1.655
2016-08-12,Dia dos Pais,data_comercial,2,cerveja;whisky;cachaca;vinho_tinto;snack,1.736
2016-08-13,Dia dos Pais,data_comercial,1,cerveja;whisky;cachaca;vinho_tinto;snack,1.818
2016-08-14,Dia dos Pais,data_comercial,0,cerveja;whisky;cachaca;vinho_tinto;snack,1.9
2016-09-07,Independência do Brasil,feriado_oficial,0,todas,1.1
2016-09-08,Independência do Brasil,feriado_oficial,-1,todas,1.05
2016-10-05,Dia das Crianças,data_comercial,7,chocolate;salgadinho;refrigerante;sorvete;suco,1.21
2016-10-06,Dia das Crianças,data_comercial,6,chocolate;salgadinho;refrigerante;sorvete;suco,1.21
2016-10-07,Dia das Crianças,data_comercial,5,chocolate;salgadinho;refrigerante;sorvete;suco,1.262
2016-10-08,Dia das Crianças,data_comercial,4,chocolate;salgadinho;refrigerante;sorvete;suco,1.35
2016-10-09,Dia das Crianças,data_comercial,3,chocolate;salgadinho;refrigerante;sorvete;suco,1.438
2016-10-10,Dia das Crianças,data_comercial,2,chocolate;salgadinho;refrigerante;sorvete;suco,1.525
2016-10-11,Dia das Crianças,data_comercial,1,chocolate;salgadinho;refrigerante;sorvete;suco,1.612
2016-10-12,Dia das Crianças,data_comercial,0,chocolate;salgadinho;refrigerante;sorvete;suco,1.7
2016-10-12,Nossa Senhora Aparecida,feriado_oficial,0,todas,1.1
2016-10-13,Nossa Senhora Aparecida,feriado_oficial,-1,todas,1.05
2016-11-02,Finados,feriado_oficial,0,todas,1.1
2016-11-03,Finados,feriado_oficial,-1,todas,1.05
2016-11-15,Proclamação da República,feriado_oficial,0,todas,1.1
2016-11-16,Proclamação da República,feriado_oficial,-1,todas,1.05
2016-11-22,Black Friday,data_comercial,3,todas,1.15
2016-11-23,Black Friday,data_comercial,2,todas,1.25
2016-11-24,Black Friday,data_comercial,1,todas,1.375
2016-11-25,Black Friday,data_comercial,0,todas,1.5
2016-11-26,Black Friday,data_comercial,-1,todas,1.375
2016-11-27,Black Friday,data_comercial,-2,todas,1.25
2016-11-28,Cyber Monday,data_comercial,0,todas,1.3
2016-11-28,Black Friday,data_comercial,-3,todas,1.15
2016-11-29,Cyber Monday,data_comercial,-1,todas,1.15
2016-12-14,Véspera de Natal,data_comercial,10,vinho;espumante;chocolate;cerveja;refrigerante;panettone,1.54
2016-12-15,Véspera de Natal,data_comercial,9,vinho;espumante;chocolate;cerveja;refrigerante;panettone,1.54
2016-12-16,Véspera de Natal,data_comercial,8,vinho;espumante;chocolate;cerveja;refrigerante;panettone,1.54
2016-12-17,Véspera de Natal,data_comercial,7,vinho;espumante;chocolate;cerveja;refrigerante;panettone,1.655
2016-12-18,Véspera de Natal,data_comercial,6,vinho;espumante;chocolate;cerveja;refrigerante;panettone,1.818
2016-12-19,Véspera de Natal,data_comercial,5,vinho;espumante;chocolate;cerveja;refrigerante;panettone,1.982
2016-12-20,Véspera de Natal,data_comercial,4,vinho;espumante;chocolate;cerveja;refrigerante;panettone,2.145
2016-12-21,Véspera de Natal,data_comercial,3,vinho;espumante;chocolate;cerveja;refrigerante;panettone,2.309
2016-12-22,Véspera de Natal,data_comercial,2,vinho;espumante;chocolate;cerveja;refrigerante;panettone,2.473
2016-12-23,Véspera de Natal,data_comercial,1,vinho;espumante;chocolate;cerveja;refrigerante;panettone,2.636
2016-12-24,Véspera de Natal,data_comercial,0,vinho;espumante;chocolate;cerveja;refrigerante;panettone,2.8
2016-12-25,Natal,feriado_oficial,0,todas,1.1
2016-12-26,Réveillon,data_comercial,5,champagne;espumante;cerveja;gelo;refrigerante;energetico,1.6
2016-12-26,Natal,feriado_oficial,-1,todas,1.05
2016-12-27,Réveillon,data_comercial,4,champagne;espumante;cerveja;gelo;refrigerante;energetico,1.667
2016-12-28,Réveillon,data_comercial,3,champagne;espumante;cerveja;gelo;refrigerante;energetico,2.0
2016-12-29,Réveillon,data_comercial,2,champagne;espumante;cerveja;gelo;refrigerante;energetico,2.333
2016-12-30,Réveillon,data_comercial,1,champagne;espumante;cerveja;gelo;refrigerante;energetico,2.667
2016-12-31,Réveillon,data_comercial,0,champagne;espumante;cerveja;gelo;refrigerante;energetico,3.0
2017-01-01,Confraternização Universal,feriado_oficial,0,todas,1.1
2017-01-02,Confraternização Universal,feriado_oficial,-1,todas,1.05
2017-01-25,Aniversário de São Paulo,evento_local,0,cerveja;refrigerante,1.1
2017-03-03,Dia Internacional da Mulher,data_comercial,5,chocolate;vinho;espumante;flores,1.18
2017-03-04,Dia Internacional da Mulher,data_comercial,4,chocolate;vinho;espumante;flores,1.2
2017-03-05,Dia Internacional da Mulher,data_comercial,3,chocolate;vinho;espumante;flores,1.3
2017-03-06,Dia Internacional da Mulher,data_comercial,2,chocolate;vinho;espumante;flores,1.4
2017-03-07,Dia Internacional da Mulher,data_comercial,1,chocolate;vinho;espumante;flores,1.5
2017-03-08,Dia Internacional da Mulher,data_comercial,0,chocolate;vinho;espumante;flores,1.6
2017-03-12,Dia do Consumidor,data_comercial,3,todas,1.06
2017-03-13,Dia do Consumidor,data_comercial,2,todas,1.1
2017-03-14,Dia do Consumidor,data_comercial,1,todas,1.15
2017-03-15,Dia do Consumidor,data_comercial,0,todas,1.2
2017-03-16,Dia do Consumidor,data_comercial,-1,todas,1.15
2017-03-26,Aniversário de Barueri,evento_local,0,cerveja;refrigerante;snack,1.15
2017-04-14,Sexta-feira Santa,feriado_oficial,0,todas,1.1
2017-04-15,Sexta-feira Santa,feriado_oficial,-1,todas,1.05
2017-04-21,Tiradentes,feriado_oficial,0,todas,1.1
2017-04-22,Tiradentes,feriado_oficial,-1,todas,1.05
2017-05-01,Dia do Trabalhador,feriado_oficial,0,todas,1.1
2017-05-02,Dia do Trabalhador,feriado_oficial,-1,todas,1.05
2017-05-04,Dia das Mães,data_comercial,10,chocolate;vinho;espumante;perfume,1.36
2017-05-05,Dia das Mães,data_comercial,9,chocolate;vinho;espumante;perfume,1.36
2017-05-06,Dia das Mães,data_comercial,8,chocolate;vinho;espumante;perfume,1.36
2017-05-07,Dia das Mães,data_comercial,7,chocolate;vinho;espumante;perfume,1.436
2017-05-08,Dia das Mães,data_comercial,6,chocolate;vinho;espumante;perfume,1.545
2017-05-09,Dia das Mães,data_comercial,5,chocolate;vinho;espumante;perfume,1.655
2017-05-10,Dia das Mães,data_comercial,4,chocolate;vinho;espumante;perfume,1.764
2017-05-11,Dia das Mães,data_comercial,3,chocolate;vinho;espumante;perfume,1.873
2017-05-12,Dia das Mães,data_comercial,2,chocolate;vinho;espumante;perfume,1.982
2017-05-13,Dia das Mães,data_comercial,1,chocolate;vinho;espumante;perfume,2.091
2017-05-14,Dia das Mães,data_comercial,0,chocolate;vinho;espumante;perfume,2.2
2017-06-05,Dia dos Namorados,data_comercial,7,chocolate;vinho;espumante;cerveja_premium,1.45
2017-06-06,Dia dos Namorados,data_comercial,6,chocolate;vinho;espumante;cerveja_premium,1.45
2017-06-07,Dia dos Namorados,data_comercial,5,chocolate;vinho;espumante;cerveja_premium,1.562
2017-06-08,Dia dos Namorados,data_comercial,4,chocolate;vinho;espumante;cerveja_premium,1.75
2017-06-09,Dia dos Namorados,data_comercial,3,chocolate;vinho;espumante;cerveja_premium,1.938
2017-06-10,Dia dos Namorados,data_comercial,2,chocolate;vinho;espumante;cerveja_premium,2.125
2017-06-11,Dia dos Namorados,data_comercial,1,chocolate;vinho;espumante;cerveja_premium,2.312
2017-06-12,Dia dos Namorados,data_comercial,0,chocolate;vinho;espumante;cerveja_premium,2.5
2017-07-09,Revolução Constitucionalista,feriado_oficial,0,todas,1.1
2017-07-10,Revolução Constitucionalista,feriado_oficial,-1,todas,1.05
2017-08-03,Dia dos Pais,data_comercial,10,cerveja;whisky;cachaca;vinho_tinto;snack,1.27
2017-08-04,Dia dos Pais,data_comercial,9,cerveja;whisky;cachaca;vinho_tinto;snack,1.27
2017-08-05,Dia dos Pais,data_comercial,8,cerveja;whisky;cachaca;vinho_tinto;snack,1.27
2017-08-06,Dia dos Pais,data_comercial,7,cerveja;whisky;cachaca;vinho_tinto;snack,1.327
2017-08-07,Dia dos Pais,data_comercial,6,cerveja;whisky;cachaca;vinho_tinto;snack,1.409
2017-08-08,Dia dos Pais,data_comercial,5,cerveja;whisky;cachaca;vinho_tinto;snack,1.491
2017-08-09,Dia dos Pais,data_comercial,4,cerveja;whisky;cachaca;vinho_tinto;snack,1.573
2017-08-10,Dia dos Pais,data_comercial,3,cerveja;whisky;cachaca;vinho_tinto;snack,1.655
2017-08-11,Dia dos Pais,data_comercial,2,cerveja;whisky;cachaca;vinho_tinto;snack,1.736
2017-08-12,Dia dos Pais,data_comercial,1,cerveja;whisky;cachaca;vinho_tinto;snack,1.818
2017-08-13,Dia dos Pais,data_comercial,0,cerveja;whisky;cachaca;vinho_tinto;snack,1.9
2017-09-07,Independência do Brasil,feriado_oficial,0,todas,1.1
2017-09-08,Independência do Brasil,feriado_oficial,-1,todas,1.05
2017-10-05,Dia das Crianças,data_comercial,7,chocolate;salgadinho;refrigerante;sorvete;suco,1.21
2017-10-06,Dia das Crianças,data_comercial,6,chocolate;salgadinho;refrigerante;sorvete;suco,1.21
2017-10-07,Dia das Crianças,data_comercial,5,chocolate;salgadinho;refrigerante;sorvete;suco,1.262
2017-10-08,Dia das Crianças,data_comercial,4,chocolate;salgadinho;refrigerante;sorvete;suco,1.35
2017-10-09,Dia das Crianças,data_comercial,3,chocolate;salgadinho;refrigerante;sorvete;suco,1.438
2017-10-10,Dia das Crianças,data_comercial,2,chocolate;salgadinho;refrigerante;sorvete;suco,1.525
2017-10-11,Dia das Crianças,data_comercial,1,chocolate;salgadinho;refrigerante;sorvete;suco,1.612
2017-10-12,Dia das Crianças,data_comercial,0,chocolate;salgadinho;refrigerante;sorvete;suco,1.7
2017-10-12,Nossa Senhora Aparecida,feriado_oficial,0,todas,1.1
2017-10-13,Nossa Senhora Aparecida,feriado_oficial,-1,todas,1.05
2017-11-02,Finados,feriado_oficial,0,todas,1.1
2017-11-03,Finados,feriado_oficial,-1,todas,1.05
2017-11-15,Proclamação da República,feriado_oficial,0,todas,1.1
2017-11-16,Proclamação da República,feriado_oficial,-1,todas,1.05
2017-11-21,Black Friday,data_comercial,3,todas,1.15
2017-11-22,Black Friday,data_comercial,2,todas,1.25
2017-11-23,Black Friday,data_comercial,1,todas,1.375
2017-11-24,Black Friday,data_comercial,0,todas,1.5
2017-11-25,Black Friday,data_comercial,-1,todas,1.375
2017-11-26,Black Friday,data_comercial,-2,todas,1.25
2017-11-27,Cyber Monday,data_comercial,0,todas,1.3
2017-11-27,Black Friday,data_comercial,-3,todas,1.15
2017-11-28,Cyber Monday,data_comercial,-1,todas,1.15
2017-12-14,Véspera de Natal,data_comercial,10,vinho;espumante;chocolate;cerveja;refrigerante;panettone,1.54
2017-12-15,Véspera de Natal,data_comercial,9,vinho;espumante;chocolate;cerveja;refrigerante;panettone,1.54
2017-12-16,Véspera de Natal,data_comercial,8,vinho;espumante;chocolate;cerveja;refrigerante;panettone,1.54
2017-12-17,Véspera de Natal,data_comercial,7,vinho;espumante;chocolate;cerveja;refrigerante;panettone,1.655
2017-12-18,Véspera de Natal,data_comercial,6,vinho;espumante;chocolate;cerveja;refrigerante;panettone,1.818
2017-12-19,Véspera de Natal,data_comercial,5,vinho;espumante;chocolate;cerveja;refrigerante;panettone,1.982
2017-12-20,Véspera de Natal,data_comercial,4,vinho;espumante;chocolate;cerveja;refrigerante;panettone,2.145
2017-12-21,Véspera de Natal,data_comercial,3,vinho;espumante;chocolate;cerveja;refrigerante;panettone,2.309
2017-12-22,Véspera de Natal,data_comercial,2,vinho;espumante;chocolate;cerveja;refrigerante;panettone,2.473
2017-12-23,Véspera de Natal,data_comercial,1,vinho;espumante;chocolate;cerveja;refrigerante;panettone,2.636
2017-12-24,Véspera de Natal,data_comercial,0,vinho;espumante;chocolate;cerveja;refrigerante;panettone,2.8
2017-12-25,Natal,feriado_oficial,0,todas,1.1
2017-12-26,Réveillon,data_comercial,5,champagne;espumante;cerveja;gelo;refrigerante;energetico,1.6
2017-12-26,Natal,feriado_oficial,-1,todas,1.05
2017-12-27,Réveillon,data_comercial,4,champagne;espumante;cerveja;gelo;refrigerante;energetico,1.667
2017-12-28,Réveillon,data_comercial,3,champagne;espumante;cerveja;gelo;refrigerante;energetico,2.0
2017-12-29,Réveillon,data_comercial,2,champagne;espumante;cerveja;gelo;refrigerante;energetico,2.333
2017-12-30,Réveillon,data_comercial,1,champagne;espumante;cerveja;gelo;refrigerante;energetico,2.667
2017-12-31,Réveillon,data_comercial,0,champagne;espumante;cerveja;gelo;refrigerante;energetico,3.0
2018-01-01,Confraternização Universal,feriado_oficial,0,todas,1.1
2018-01-02,Confraternização Universal,feriado_oficial,-1,todas,1.05
2018-01-25,Aniversário de São Paulo,evento_local,0,cerveja;refrigerante,1.1
2018-03-03,Dia Internacional da Mulher,data_comercial,5,chocolate;vinho;espumante;flores,1.18
2018-03-04,Dia Internacional da Mulher,data_comercial,4,chocolate;vinho;espumante;flores,1.2
2018-03-05,Dia Internacional da Mulher,data_comercial,3,chocolate;vinho;espumante;flores,1.3
2018-03-06,Dia Internacional da Mulher,data_comercial,2,chocolate;vinho;espumante;flores,1.4
2018-03-07,Dia Internacional da Mulher,data_comercial,1,chocolate;vinho;espumante;flores,1.5
2018-03-08,Dia Internacional da Mulher,data_comercial,0,chocolate;vinho;espumante;flores,1.6
2018-03-12,Dia do Consumidor,data_comercial,3,todas,1.06
2018-03-13,Dia do Consumidor,data_comercial,2,todas,1.1
2018-03-14,Dia do Consumidor,data_comercial,1,todas,1.15
2018-03-15,Dia do Consumidor,data_comercial,0,todas,1.2
2018-03-16,Dia do Consumidor,data_comercial,-1,todas,1.15
2018-03-26,Aniversário de Barueri,evento_local,0,cerveja;refrigerante;snack,1.15
2018-03-30,Sexta-feira Santa,feriado_oficial,0,todas,1.1
2018-03-31,Sexta-feira Santa,feriado_oficial,-1,todas,1.05
2018-04-21,Tiradentes,feriado_oficial,0,todas,1.1
2018-04-22,Tiradentes,feriado_oficial,-1,todas,1.05
2018-05-01,Dia do Trabalhador,feriado_oficial,0,todas,1.1
2018-05-02,Dia do Trabalhador,feriado_oficial,-1,todas,1.05
2018-05-03,Dia das Mães,data_comercial,10,chocolate;vinho;espumante;perfume,1.36
2018-05-04,Dia das Mães,data_comercial,9,chocolate;vinho;espumante;perfume,1.36
2018-05-05,Dia das Mães,data_comercial,8,chocolate;vinho;espumante;perfume,1.36
2018-05-06,Dia das Mães,data_comercial,7,chocolate;vinho;espumante;perfume,1.436
2018-05-07,Dia das Mães,data_comercial,6,chocolate;vinho;espumante;perfume,1.545
2018-05-08,Dia das Mães,data_comercial,5,chocolate;vinho;espumante;perfume,1.655
2018-05-09,Dia das Mães,data_comercial,4,chocolate;vinho;espumante;perfume,1.764
2018-05-10,Dia das Mães,data_comercial,3,chocolate;vinho;espumante;perfume,1.873
2018-05-11,Dia das Mães,data_comercial,2,chocolate;vinho;espumante;perfume,1.982
2018-05-12,Dia das Mães,data_comercial,1,chocolate;vinho;espumante;perfume,2.091
2018-05-13,Dia das Mães,data_comercial,0,chocolate;vinho;espumante;perfume,2.2
2018-06-05,Dia dos Namorados,data_comercial,7,chocolate;vinho;espumante;cerveja_premium,1.45
2018-06-06,Dia dos Namorados,data_comercial,6,chocolate;vinho;espumante;cerveja_premium,1.45
2018-06-07,Dia dos Namorados,data_comercial,5,chocolate;vinho;espumante;cerveja_premium,1.562
2018-06-08,Dia dos Namorados,data_comercial,4,chocolate;vinho;espumante;cerveja_premium,1.75
2018-06-09,Dia dos Namorados,data_comercial,3,chocolate;vinho;espumante;cerveja_premium,1.938
2018-06-10,Dia dos Namorados,data_comercial,2,chocolate;vinho;espumante;cerveja_premium,2.125
2018-06-11,Dia dos Namorados,data_comercial,1,chocolate;vinho;espumante;cerveja_premium,2.312
2018-06-12,Dia dos Namorados,data_comercial,0,chocolate;vinho;espumante;cerveja_premium,2.5
2018-07-09,Revolução Constitucionalista,feriado_oficial,0,todas,1.1
2018-07-10,Revolução Constitucionalista,feriado_oficial,-1,todas,1.05
2018-08-02,Dia dos Pais,data_comercial,10,cerveja;whisky;cachaca;vinho_tinto;snack,1.27
2018-08-03,Dia dos Pais,data_comercial,9,cerveja;whisky;cachaca;vinho_tinto;snack,1.27
2018-08-04,Dia dos Pais,data_comercial,8,cerveja;whisky;cachaca;vinho_tinto;snack,1.27
2018-08-05,Dia dos Pais,data_comercial,7,cerveja;whisky;cachaca;vinho_tinto;snack,1.327
2018-08-06,Dia dos Pais,data_comercial,6,cerveja;whisky;cachaca;vinho_tinto;snack,1.409
2018-08-07,Dia dos Pais,data_comercial,5,cerveja;whisky;cachaca;vinho_tinto;snack,1.491
2018-08-08,Dia dos Pais,data_comercial,4,cerveja;whisky;cachaca;vinho_tinto;snack,1.573
2018-08-09,Dia dos Pais,data_comercial,3,cerveja;whisky;cachaca;vinho_tinto;snack,1.655
2018-08-10,Dia dos Pais,data_comercial,2,cerveja;whisky;cachaca;vinho_tinto;snack,1.736
2018-08-11,Dia dos Pais,data_comercial,1,cerveja;whisky;cachaca;vinho_tinto;snack,1.818
2018-08-12,Dia dos Pais,data_comercial,0,cerveja;whisky;cachaca;vinho_tinto;snack,1.9
2018-09-07,Independência do Brasil,feriado_oficial,0,todas,1.1
2018-09-08,Independência do Brasil,feriado_oficial,-1,todas,1.05
2018-10-05,Dia das Crianças,data_comercial,7,chocolate;salgadinho;refrigerante;sorvete;suco,1.21
2018-10-06,Dia das Crianças,data_comercial,6,chocolate;salgadinho;refrigerante;sorvete;suco,1.21
2018-10-07,Dia das Crianças,data_comercial,5,chocolate;salgadinho;refrigerante;sorvete;suco,1.262
2018-10-08,Dia das Crianças,data_comercial,4,chocolate;salgadinho;refrigerante;sorvete;suco,1.35
2018-10-09,Dia das Crianças,data_comercial,3,chocolate;salgadinho;refrigerante;sorvete;suco,1.438
2018-10-10,Dia das Crianças,data_comercial,2,chocolate;salgadinho;refrigerante;sorvete;suco,1.525
2018-10-11,Dia das Crianças,data_comercial,1,chocolate;salgadinho;refrigerante;sorvete;suco,1.612
2018-10-12,Dia das Crianças,data_comercial,0,chocolate;salgadinho;refrigerante;sorvete;suco,1.7
2018-10-12,Nossa Senhora Aparecida,feriado_oficial,0,todas,1.1
2018-10-13,Nossa Senhora Aparecida,feriado_oficial,-1,todas,1.05
2018-11-02,Finados,feriado_oficial,0,todas,1.1
2018-11-03,Finados,feriado_oficial,-1,todas,1.05
2018-11-15,Proclamação da República,feriado_oficial,0,todas,1.1
2018-11-16,Proclamação da República,feriado_oficial,-1,todas,1.05
2018-11-27,Black Friday,data_comercial,3,todas,1.15
2018-11-28,Black Friday,data_comercial,2,todas,1.25
2018-11-29,Black Friday,data_comercial,1,todas,1.375
2018-11-30,Black Friday,data_comercial,0,todas,1.5
2018-12-01,Black Friday,data_comercial,-1,todas,1.375
2018-12-02,Black Friday,data_comercial,-2,todas,1.25
2018-12-03,Cyber Monday,data_comercial,0,todas,1.3
2018-12-03,Black Friday,data_comercial,-3,todas,1.15
2018-12-04,Cyber Monday,data_comercial,-1,todas,1.15
2018-12-14,Véspera de Natal,data_comercial,10,vinho;espumante;chocolate;cerveja;refrigerante;panettone,1.54
2018-12-15,Véspera de Natal,data_comercial,9,vinho;espumante;chocolate;cerveja;refrigerante;panettone,1.54
2018-12-16,Véspera de Natal,data_comercial,8,vinho;espumante;chocolate;cerveja;refrigerante;panettone,1.54
2018-12-17,Véspera de Natal,data_comercial,7,vinho;espumante;chocolate;cerveja;refrigerante;panettone,1.655
2018-12-18,Véspera de Natal,data_comercial,6,vinho;espumante;chocolate;cerveja;refrigerante;panettone,1.818
2018-12-19,Véspera de Natal,data_comercial,5,vinho;espumante;chocolate;cerveja;refrigerante;panettone,1.982
2018-12-20,Véspera de Natal,data_comercial,4,vinho;espumante;chocolate;cerveja;refrigerante;panettone,2.145
2018-12-21,Véspera de Natal,data_comercial,3,vinho;espumante;chocolate;cerveja;refrigerante;panettone,2.309
2018-12-22,Véspera de Natal,data_comercial,2,vinho;espumante;chocolate;cerveja;refrigerante;panettone,2.473
2018-12-23,Véspera de Natal,data_comercial,1,vinho;espumante;chocolate;cerveja;refrigerante;panettone,2.636
2018-12-24,Véspera de Natal,data_comercial,0,vinho;espumante;chocolate;cerveja;refrigerante;panettone,2.8
2018-12-25,Natal,feriado_oficial,0,todas,1.1
2018-12-26,Réveillon,data_comercial,5,champagne;espumante;cerveja;gelo;refrigerante;energetico,1.6
2018-12-26,Natal,feriado_oficial,-1,todas,1.05
2018-12-27,Réveillon,data_comercial,4,champagne;espumante;cerveja;gelo;refrigerante;energetico,1.667
2018-12-28,Réveillon,data_comercial,3,champagne;espumante;cerveja;gelo;refrigerante;energetico,2.0
2018-12-29,Réveillon,data_comercial,2,champagne;espumante;cerveja;gelo;refrigerante;energetico,2.333
2018-12-30,Réveillon,data_comercial,1,champagne;espumante;cerveja;gelo;refrigerante;energetico,2.667
2018-12-31,Réveillon,data_comercial,0,champagne;espumante;cerveja;gelo;refrigerante;energetico,3.0
2019-01-01,Confraternização Universal,feriado_oficial,0,todas,1.1
2019-01-02,Confraternização Universal,feriado_oficial,-1,todas,1.05
2019-01-25,Aniversário de São Paulo,evento_local,0,cerveja;refrigerante,1.1
2019-03-03,Dia Internacional da Mulher,data_comercial,5,chocolate;vinho;espumante;flores,1.18
2019-03-04,Dia Internacional da Mulher,data_comercial,4,chocolate;vinho;espumante;flores,1.2
2019-03-05,Dia Internacional da Mulher,data_comercial,3,chocolate;vinho;espumante;flores,1.3
2019-03-06,Dia Internacional da Mulher,data_comercial,2,chocolate;vinho;espumante;flores,1.4
2019-03-07,Dia Internacional da Mulher,data_comercial,1,chocolate;vinho;espumante;flores,1.5
2019-03-08,Dia Internacional da Mulher,data_comercial,0,chocolate;vinho;espumante;flores,1.6
2019-03-12,Dia do Consumidor,data_comercial,3,todas,1.06
2019-03-13,Dia do Consumidor,data_comercial,2,todas,1.1
2019-03-14,Dia do Consumidor,data_comercial,1,todas,1.15
2019-03-15,Dia do Consumidor,data_comercial,0,todas,1.2
2019-03-16,Dia do Consumidor,data_comercial,-1,todas,1.15
2019-03-26,Aniversário de Barueri,evento_local,0,cerveja;refrigerante;snack,1.15
2019-04-19,Sexta-feira Santa,feriado_oficial,0,todas,1.1
2019-04-20,Sexta-feira Santa,feriado_oficial,-1,todas,1.05
2019-04-21,Tiradentes,feriado_oficial,0,todas,1.1
2019-04-22,Tiradentes,feriado_oficial,-1,todas,1.05
2019-05-01,Dia do Trabalhador,feriado_oficial,0,todas,1.1
2019-05-02,Dia das Mães,data_comercial,10,chocolate;vinho;espumante;perfume,1.36
2019-05-02,Dia do Trabalhador,feriado_oficial,-1,todas,1.05
2019-05-03,Dia das Mães,data_comercial,9,chocolate;vinho;espumante;perfume,1.36
2019-05-04,Dia das Mães,data_comercial,8,chocolate;vinho;espumante;perfume,1.36
2019-05-05,Dia das Mães,data_comercial,7,chocolate;vinho;espumante;perfume,1.436
2019-05-06,Dia das Mães,data_comercial,6,chocolate;vinho;espumante;perfume,1.545
2019-05-07,Dia das Mães,data_comercial,5,chocolate;vinho;espumante;perfume,1.655
2019-05-08,Dia das Mães,data_comercial,4,chocolate;vinho;espumante;perfume,1.764
2019-05-09,Dia das Mães,data_comercial,3,chocolate;vinho;espumante;perfume,1.873
2019-05-10,Dia das Mães,data_comercial,2,chocolate;vinho;espumante;perfume,1.982
2019-05-11,Dia das Mães,data_comercial,1,chocolate;vinho;espumante;perfume,2.091
2019-05-12,Dia das Mães,data_comercial,0,chocolate;vinho;espumante;perfume,2.2
2019-06-05,Dia dos Namorados,data_comercial,7,chocolate;vinho;espumante;cerveja_premium,1.45
2019-06-06,Dia dos Namorados,data_comercial,6,chocolate;vinho;espumante;cerveja_premium,1.45
2019-06-07,Dia dos Namorados,data_comercial,5,chocolate;vinho;espumante;cerveja_premium,1.562
2019-06-08,Dia dos Namorados,data_comercial,4,chocolate;vinho;espumante;cerveja_premium,1.75
2019-06-09,Dia dos Namorados,data_comercial,3,chocolate;vinho;espumante;cerveja_premium,1.938
2019-06-10,Dia dos Namorados,data_comercial,2,chocolate;vinho;espumante;cerveja_premium,2.125
2019-06-11,Dia dos Namorados,data_comercial,1,chocolate;vinho;espumante;cerveja_premium,2.312
2019-06-12,Dia dos Namorados,data_comercial,0,chocolate;vinho;espumante;cerveja_premium,2.5
2019-07-09,Revolução Constitucionalista,feriado_oficial,0,todas,1.1
2019-07-10,Revolução Constitucionalista,feriado_oficial,-1,todas,1.05
2019-08-01,Dia dos Pais,data_comercial,10,cerveja;whisky;cachaca;vinho_tinto;snack,1.27
2019-08-02,Dia dos Pais,data_comercial,9,cerveja;whisky;cachaca;vinho_tinto;snack,1.27
2019-08-03,Dia dos Pais,data_comercial,8,cerveja;whisky;cachaca;vinho_tinto;snack,1.27
2019-08-04,Dia dos Pais,data_comercial,7,cerveja;whisky;cachaca;vinho_tinto;snack,1.327
2019-08-05,Dia dos Pais,data_comercial,6,cerveja;whisky;cachaca;vinho_tinto;snack,1.409
2019-08-06,Dia dos Pais,data_comercial,5,cerveja;whisky;cachaca;vinho_tinto;snack,1.491
2019-08-07,Dia dos Pais,data_comercial,4,cerveja;whisky;cachaca;vinho_tinto;snack,1.573
2019-08-08,Dia dos Pais,data_comercial,3,cerveja;whisky;cachaca;vinho_tinto;snack,1.655
2019-08-09,Dia dos Pais,data_comercial,2,cerveja;whisky;cachaca;vinho_tinto;snack,1.736
2019-08-10,Dia dos Pais,data_comercial,1,cerveja;whisky;cachaca;vinho_tinto;snack,1.818
2019-08-11,Dia dos Pais,data_comercial,0,cerveja;whisky;cachaca;vinho_tinto;snack,1.9
2019-09-07,Independência do Brasil,feriado_oficial,0,todas,1.1
2019-09-08,Independência do Brasil,feriado_oficial,-1,todas,1.05
2019-10-05,Dia das Crianças,data_comercial,7,chocolate;salgadinho;refrigerante;sorvete;suco,1.21
2019-10-06,Dia das Crianças,data_comercial,6,chocolate;salgadinho;refrigerante;sorvete;suco,1.21
2019-10-07,Dia das Crianças,data_comercial,5,chocolate;salgadinho;refrigerante;sorvete;suco,1.262
2019-10-08,Dia das Crianças,data_comercial,4,chocolate;salgadinho;refrigerante;sorvete;suco,1.35
2019-10-09,Dia das Crianças,data_comercial,3,chocolate;salgadinho;refrigerante;sorvete;suco,1.438
2019-10-10,Dia das Crianças,data_comercial,2,chocolate;salgadinho;refrigerante;sorvete;suco,1.525
2019-10-11,Dia das Crianças,data_comercial,1,chocolate;salgadinho;refrigerante;sorvete;suco,1.612
2019-10-12,Dia das Crianças,data_comercial,0,chocolate;salgadinho;refrigerante;sorvete;suco,1.7
2019-10-12,Nossa Senhora Aparecida,feriado_oficial,0,todas,1.1
2019-10-13,Nossa Senhora Aparecida,feriado_oficial,-1,todas,1.05
2019-11-02,Finados,feriado_oficial,0,todas,1.1
2019-11-03,Finados,feriado_oficial,-1,todas,1.05
2019-11-15,Proclamação da República,feriado_oficial,0,todas,1.1
2019-11-16,Proclamação da República,feriado_oficial,-1,todas,1.05
2019-11-26,Black Friday,data_comercial,3,todas,1.15
2019-11-27,Black Friday,data_comercial,2,todas,1.25
2019-11-28,Black Friday,data_comercial,1,todas,1.375
2019-11-29,Black Friday,data_comercial,0,todas,1.5
2019-11-30,Black Friday,data_comercial,-1,todas,1.375
2019-12-01,Black Friday,data_comercial,-2,todas,1.25
2019-12-02,Cyber Monday,data_comercial,0,todas,1.3
2019-12-02,Black Friday,data_comercial,-3,todas,1.15
2019-12-03,Cyber Monday,data_comercial,-1,todas,1.15
2019-12-14,Véspera de Natal,data_comercial,10,vinho;espumante;chocolate;cerveja;refrigerante;panettone,1.54
2019-12-15,Véspera de Natal,data_comercial,9,vinho;espumante;chocolate;cerveja;refrigerante;panettone,1.54
2019-12-16,Véspera de Natal,data_comercial,8,vinho;espumante;chocolate;cerveja;refrigerante;panettone,1.54
2019-12-17,Véspera de Natal,data_comercial,7,vinho;espumante;chocolate;cerveja;refrigerante;panettone,1.655
2019-12-18,Véspera de Natal,data_comercial,6,vinho;espumante;chocolate;cerveja;refrigerante;panettone,1.818
2019-12-19,Véspera de Natal,data_comercial,5,vinho;espumante;chocolate;cerveja;refrigerante;panettone,1.982
2019-12-20,Véspera de Natal,data_comercial,4,vinho;espumante;chocolate;cerveja;refrigerante;panettone,2.145
2019-12-21,Véspera de Natal,data_comercial,3,vinho;espumante;chocolate;cerveja;refrigerante;panettone,2.309
2019-12-22,Véspera de Natal,data_comercial,2,vinho;espumante;chocolate;cerveja;refrigerante;panettone,2.473
2019-12-23,Véspera de Natal,data_comercial,1,vinho;espumante;chocolate;cerveja;refrigerante;panettone,2.636
2019-12-24,Véspera de Natal,data_comercial,0,vinho;espumante;chocolate;cerveja;refrigerante;panettone,2.8
2019-12-25,Natal,feriado_oficial,0,todas,1.1
2019-12-26,Réveillon,data_comercial,5,champagne;espumante;cerveja;gelo;refrigerante;energetico,1.6
2019-12-26,Natal,feriado_oficial,-1,todas,1.05
2019-12-27,Réveillon,data_comercial,4,champagne;espumante;cerveja;gelo;refrigerante;energetico,1.667
2019-12-28,Réveillon,data_comercial,3,champagne;espumante;cerveja;gelo;refrigerante;energetico,2.0
2019-12-29,Réveillon,data_comercial,2,champagne;espumante;cerveja;gelo;refrigerante;energetico,2.333
2019-12-30,Réveillon,data_comercial,1,champagne;espumante;cerveja;gelo;refrigerante;energetico,2.667
2019-12-31,Réveillon,data_comercial,0,champagne;espumante;cerveja;gelo;refrigerante;energetico,3.0
2020-01-01,Confraternização Universal,feriado_oficial,0,todas,1.1
2020-01-02,Confraternização Universal,feriado_oficial,-1,todas,1.05
2020-01-25,Aniversário de São Paulo,evento_local,0,cerveja;refrigerante,1.1
2020-03-03,Dia Internacional da Mulher,data_comercial,5,chocolate;vinho;espumante;flores,1.18
2020-03-04,Dia Internacional da Mulher,data_comercial,4,chocolate;vinho;espumante;flores,1.2
2020-03-05,Dia Internacional da Mulher,data_comercial,3,chocolate;vinho;espumante;flores,1.3
2020-03-06,Dia Internacional da Mulher,data_comercial,2,chocolate;vinho;espumante;flores,1.4
2020-03-07,Dia Internacional da Mulher,data_comercial,1,chocolate;vinho;espumante;flores,1.5
2020-03-08,Dia Internacional da Mulher,data_comercial,0,chocolate;vinho;espumante;flores,1.6
2020-03-12,Dia do Consumidor,data_comercial,3,todas,1.06
2020-03-13,Dia do Consumidor,data_comercial,2,todas,1.1
2020-03-14,Dia do Consumidor,data_comercial,1,todas,1.15
2020-03-15,Dia do Consumidor,data_comercial,0,todas,1.2
2020-03-16,Dia do Consumidor,data_comercial,-1,todas,1.15
2020-03-26,Aniversário de Barueri,evento_local,0,cerveja;refrigerante;snack,1.15
2020-04-10,Sexta-feira Santa,feriado_oficial,0,todas,1.1
2020-04-11,Sexta-feira Santa,feriado_oficial,-1,todas,1.05
2020-04-21,Tiradentes,feriado_oficial,0,todas,1.1
2020-04-22,Tiradentes,feriado_oficial,-1,todas,1.05
2020-04-30,Dia das Mães,data_comercial,10,chocolate;vinho;espumante;perfume,1.36
2020-05-01,Dia das Mães,data_comercial,9,chocolate;vinho;espumante;perfume,1.36
2020-05-01,Dia do Trabalhador,feriado_oficial,0,todas,1.1
2020-05-02,Dia das Mães,data_comercial,8,chocolate;vinho;espumante;perfume,1.36
2020-05-02,Dia do Trabalhador,feriado_oficial,-1,todas,1.05
2020-05-03,Dia das Mães,data_comercial,7,chocolate;vinho;espumante;perfume,1.436
2020-05-04,Dia das Mães,data_comercial,6,chocolate;vinho;espumante;perfume,1.545
2020-05-05,Dia das Mães,data_comercial,5,chocolate;vinho;espumante;perfume,1.655
2020-05-06,Dia das Mães,data_comercial,4,chocolate;vinho;espumante;perfume,1.764
2020-05-07,Dia das Mães,data_comercial,3,chocolate;vinho;espumante;perfume,1.873
2020-05-08,Dia das Mães,data_comercial,2,chocolate;vinho;espumante;perfume,1.982
2020-05-09,Dia das Mães,data_comercial,1,chocolate;vinho;espumante;perfume,2.091
2020-05-10,Dia das Mães,data_comercial,0,chocolate;vinho;espumante;perfume,2.2
2020-06-05,Dia dos Namorados,data_comercial,7,chocolate;vinho;espumante;cerveja_premium,1.45
2020-06-06,Dia dos Namorados,data_comercial,6,chocolate;vinho;espumante;cerveja_premium,1.45
2020-06-07,Dia dos Namorados,data_comercial,5,chocolate;vinho;espumante;cerveja_premium,1.562
2020-06-08,Dia dos Namorados,data_comercial,4,chocolate;vinho;espumante;cerveja_premium,1.75
2020-06-09,Dia dos Namorados,data_comercial,3,chocolate;vinho;espumante;cerveja_premium,1.938
2020-06-10,Dia dos Namorados,data_comercial,2,chocolate;vinho;espumante;cerveja_premium,2.125
2020-06-11,Dia dos Namorados,data_comercial,1,chocolate;vinho;espumante;cerveja_premium,2.312
2020-06-12,Dia dos Namorados,data_comercial,0,chocolate;vinho;espumante;cerveja_premium,2.5
2020-07-09,Revolução Constitucionalista,feriado_oficial,0,todas,1.1
2020-07-10,Revolução Constitucionalista,feriado_oficial,-1,todas,1.05
2020-07-30,Dia dos Pais,data_comercial,10,cerveja;whisky;cachaca;vinho_tinto;snack,1.27
2020-07-31,Dia dos Pais,data_comercial,9,cerveja;whisky;cachaca;vinho_tinto;snack,1.27
2020-08-01,Dia dos Pais,data_comercial,8,cerveja;whisky;cachaca;vinho_tinto;snack,1.27
2020-08-02,Dia dos Pais,data_comercial,7,cerveja;whisky;cachaca;vinho_tinto;snack,1.327
2020-08-03,Dia dos Pais,data_comercial,6,cerveja;whisky;cachaca;vinho_tinto;snack,1.409
2020-08-04,Dia dos Pais,data_comercial,5,cerveja;whisky;cachaca;vinho_tinto;snack,1.491
2020-08-05,Dia dos Pais,data_comercial,4,cerveja;whisky;cachaca;vinho_tinto;snack,1.573
2020-08-06,Dia dos Pais,data_comercial,3,cerveja;whisky;cachaca;vinho_tinto;snack,1.655
2020-08-07,Dia dos Pais,data_comercial,2,cerveja;whisky;cachaca;vinho_tinto;snack,1.736
2020-08-08,Dia dos Pais,data_comercial,1,cerveja;whisky;cachaca;vinho_tinto;snack,1.818
2020-08-09,Dia dos Pais,data_comercial,0,cerveja;whisky;cachaca;vinho_tinto;snack,1.9
2020-09-07,Independência do Brasil,feriado_oficial,0,todas,1.1
2020-09-08,Independência do Brasil,feriado_oficial,-1,todas,1.05
2020-10-05,Dia das Crianças,data_comercial,7,chocolate;salgadinho;refrigerante;sorvete;suco,1.21
2020-10-06,Dia das Crianças,data_comercial,6,chocolate;salgadinho;refrigerante;sorvete;suco,1.21
2020-10-07,Dia das Crianças,data_comercial,5,chocolate;salgadinho;refrigerante;sorvete;suco,1.262
2020-10-08,Dia das Crianças,data_comercial,4,chocolate;salgadinho;refrigerante;sorvete;suco,1.35
2020-10-09,Dia das Crianças,data_comercial,3,chocolate;salgadinho;refrigerante;sorvete;suco,1.438
2020-10-10,Dia das Crianças,data_comercial,2,chocolate;salgadinho;refrigerante;sorvete;suco,1.525
2020-10-11,Dia das Crianças,data_comercial,1,chocolate;salgadinho;refrigerante;sorvete;suco,1.612
2020-10-12,Dia das Crianças,data_comercial,0,chocolate;salgadinho;refrigerante;sorvete;suco,1.7
2020-10-12,Nossa Senhora Aparecida,feriado_oficial,0,todas,1.1
2020-10-13,Nossa Senhora Aparecida,feriado_oficial,-1,todas,1.05
2020-11-02,Finados,feriado_oficial,0,todas,1.1
2020-11-03,Finados,feriado_oficial,-1,todas,1.05
2020-11-15,Proclamação da República,feriado_oficial,0,todas,1.1
2020-11-16,Proclamação da República,feriado_oficial,-1,todas,1.05
2020-11-24,Black Friday,data_comercial,3,todas,1.15
2020-11-25,Black Friday,data_comercial,2,todas,1.25
2020-11-26,Black Friday,data_comercial,1,todas,1.375
2020-11-27,Black Friday,data_comercial,0,todas,1.5
2020-11-28,Black Friday,data_comercial,-1,todas,1.375
2020-11-29,Black Friday,data_comercial,-2,todas,1.25
2020-11-30,Cyber Monday,data_comercial,0,todas,1.3
2020-11-30,Black Friday,data_comercial,-3,todas,1.15
2020-12-01,Cyber Monday,data_comercial,-1,todas,1.15
2020-12-14,Véspera de Natal,data_comercial,10,vinho;espumante;chocolate;cerveja;refrigerante;panettone,1.54
2020-12-15,Véspera de Natal,data_comercial,9,vinho;espumante;chocolate;cerveja;refrigerante;panettone,1.54
2020-12-16,Véspera de Natal,data_comercial,8,vinho;espumante;chocolate;cerveja;refrigerante;panettone,1.54
2020-12-17,Véspera de Natal,data_comercial,7,vinho;espumante;chocolate;cerveja;refrigerante;panettone,1.655
2020-12-18,Véspera de Natal,data_comercial,6,vinho;espumante;chocolate;cerveja;refrigerante;panettone,1.818
2020-12-19,Véspera de Natal,data_comercial,5,vinho;espumante;chocolate;cerveja;refrigerante;panettone,1.982
2020-12-20,Véspera de Natal,data_comercial,4,vinho;espumante;chocolate;cerveja;refrigerante;panettone,2.145
2020-12-21,Véspera de Natal,data_comercial,3,vinho;espumante;chocolate;cerveja;refrigerante;panettone,2.309
2020-12-22,Véspera de Natal,data_comercial,2,vinho;espumante;chocolate;cerveja;refrigerante;panettone,2.473
2020-12-23,Véspera de Natal,data_comercial,1,vinho;espumante;chocolate;cerveja;refrigerante;panettone,2.636
2020-12-24,Véspera de Natal,data_comercial,0,vinho;espumante;chocolate;cerveja;refrigerante;panettone,2.8
2020-12-25,Natal,feriado_oficial,0,todas,1.1
2020-12-26,Réveillon,data_comercial,5,champagne;espumante;cerveja;gelo;refrigerante;energetico,1.6
2020-12-26,Natal,feriado_oficial,-1,todas,1.05
2020-12-27,Réveillon,data_comercial,4,champagne;espumante;cerveja;gelo;refrigerante;energetico,1.667
2020-12-28,Réveillon,data_comercial,3,champagne;espumante;cerveja;gelo;refrigerante;energetico,2.0
2020-12-29,Réveillon,data_comercial,2,champagne;espumante;cerveja;gelo;refrigerante;energetico,2.333
2020-12-30,Réveillon,data_comercial,1,champagne;espumante;cerveja;gelo;refrigerante;energetico,2.667
2020-12-31,Réveillon,data_comercial,0,champagne;espumante;cerveja;gelo;refrigerante;energetico,3.0
2021-01-01,Confraternização Universal,feriado_oficial,0,todas,1.1
2021-01-02,Confraternização Universal,feriado_oficial,-1,todas,1.05
2021-01-25,Aniversário de São Paulo,evento_local,0,cerveja;refrigerante,1.1
2021-03-03,Dia Internacional da Mulher,data_comercial,5,chocolate;vinho;espumante;flores,1.18
2021-03-04,Dia Internacional da Mulher,data_comercial,4,chocolate;vinho;espumante;flores,1.2
2021-03-05,Dia Internacional da Mulher,data_comercial,3,chocolate;vinho;espumante;flores,1.3
2021-03-06,Dia Internacional da Mulher,data_comercial,2,chocolate;vinho;espumante;flores,1.4
2021-03-07,Dia Internacional da Mulher,data_comercial,1,chocolate;vinho;espumante;flores,1.5
2021-03-08,Dia Internacional da Mulher,data_comercial,0,chocolate;vinho;espumante;flores,1.6
2021-03-12,Dia do Consumidor,data_comercial,3,todas,1.06
2021-03-13,Dia do Consumidor,data_comercial,2,todas,1.1
2021-03-14,Dia do Consumidor,data_comercial,1,todas,1.15
2021-03-15,Dia do Consumidor,data_comercial,0,todas,1.2
2021-03-16,Dia do Consumidor,data_comercial,-1,todas,1.15
2021-03-26,Aniversário de Barueri,evento_local,0,cerveja;refrigerante;snack,1.15
2021-04-02,Sexta-feira Santa,feriado_oficial,0,todas,1.1
2021-04-03,Sexta-feira Santa,feriado_oficial,-1,todas,1.05
2021-04-21,Tiradentes,feriado_oficial,0,todas,1.1
2021-04-22,Tiradentes,feriado_oficial,-1,todas,1.05
2021-04-29,Dia das Mães,data_comercial,10,chocolate;vinho;espumante;perfume,1.36
2021-04-30,Dia das Mães,data_comercial,9,chocolate;vinho;espumante;perfume,1.36
2021-05-01,Dia das Mães,data_comercial,8,chocolate;vinho;espumante;perfume,1.36
2021-05-01,Dia do Trabalhador,feriado_oficial,0,todas,1.1
2021-05-02,Dia das Mães,data_comercial,7,chocolate;vinho;espumante;perfume,1.436
2021-05-02,Dia do Trabalhador,feriado_oficial,-1,todas,1.05
2021-05-03,Dia das Mães,data_comercial,6,chocolate;vinho;espumante;perfume,1.545
2021-05-04,Dia das Mães,data_comercial,5,chocolate;vinho;espumante;perfume,1.655
2021-05-05,Dia das Mães,data_comercial,4,chocolate;vinho;espumante;perfume,1.764
2021-05-06,Dia das Mães,data_comercial,3,chocolate;vinho;espumante;perfume,1.873
2021-05-07,Dia das Mães,data_comercial,2,chocolate;vinho;espumante;perfume,1.982
2021-05-08,Dia das Mães,data_comercial,1,chocolate;vinho;espumante;perfume,2.091
2021-05-09,Dia das Mães,data_comercial,0,chocolate;vinho;espumante;perfume,2.2
2021-06-05,Dia dos Namorados,data_comercial,7,chocolate;vinho;espumante;cerveja_premium,1.45
2021-06-06,Dia dos Namorados,data_comercial,6,chocolate;vinho;espumante;cerveja_premium,1.45
2021-06-07,Dia dos Namorados,data_comercial,5,chocolate;vinho;espumante;cerveja_premium,1.562
2021-06-08,Dia dos Namorados,data_comercial,4,chocolate;vinho;espumante;cerveja_premium,1.75
2021-06-09,Dia dos Namorados,data_comercial,3,chocolate;vinho;espumante;cerveja_premium,1.938
2021-06-10,Dia dos Namorados,data_comercial,2,chocolate;vinho;espumante;cerveja_premium,2.125
2021-06-11,Dia dos Namorados,data_comercial,1,chocolate;vinho;espumante;cerveja_premium,2.312
2021-06-12,Dia dos Namorados,data_comercial,0,chocolate;vinho;espumante;cerveja_premium,2.5
2021-07-09,Revolução Constitucionalista,feriado_oficial,0,todas,1.1
2021-07-10,Revolução Constitucionalista,feriado_oficial,-1,todas,1.05
2021-07-29,Dia dos Pais,data_comercial,10,cerveja;whisky;cachaca;vinho_tinto;snack,1.27
2021-07-30,Dia dos Pais,data_comercial,9,cerveja;whisky;cachaca;vinho_tinto;snack,1.27
2021-07-31,Dia dos Pais,data_comercial,8,cerveja;whisky;cachaca;vinho_tinto;snack,1.27
2021-08-01,Dia dos Pais,data_comercial,7,cerveja;whisky;cachaca;vinho_tinto;snack,1.327
2021-08-02,Dia dos Pais,data_comercial,6,cerveja;whisky;cachaca;vinho_tinto;snack,1.409
2021-08-03,Dia dos Pais,data_comercial,5,cerveja;whisky;cachaca;vinho_tinto;snack,1.491
2021-08-04,Dia dos Pais,data_comercial,4,cerveja;whisky;cachaca;vinho_tinto;snack,1.573
2021-08-05,Dia dos Pais,data_comercial,3,cerveja;whisky;cachaca;vinho_tinto;snack,1.655
2021-08-06,Dia dos Pais,data_comercial,2,cerveja;whisky;cachaca;vinho_tinto;snack,1.736
2021-08-07,Dia dos Pais,data_comercial,1,cerveja;whisky;cachaca;vinho_tinto;snack,1.818
2021-08-08,Dia dos Pais,data_comercial,0,cerveja;whisky;cachaca;vinho_tinto;snack,1.9
2021-09-07,Independência do Brasil,feriado_oficial,0,todas,1.1
2021-09-08,Independência do Brasil,feriado_oficial,-1,todas,1.05
2021-10-05,Dia das Crianças,data_comercial,7,chocolate;salgadinho;refrigerante;sorvete;suco,1.21
2021-10-06,Dia das Crianças,data_comercial,6,chocolate;salgadinho;refrigerante;sorvete;suco,1.21
2021-10-07,Dia das Crianças,data_comercial,5,chocolate;salgadinho;refrigerante;sorvete;suco,1.262
2021-10-08,Dia das Crianças,data_comercial,4,chocolate;salgadinho;refrigerante;sorvete;suco,1.35
2021-10-09,Dia das Crianças,data_comercial,3,chocolate;salgadinho;refrigerante;sorvete;suco,1.438
2021-10-10,Dia das Crianças,data_comercial,2,chocolate;salgadinho;refrigerante;sorvete;suco,1.525
2021-10-11,Dia das Crianças,data_comercial,1,chocolate;salgadinho;refrigerante;sorvete;suco,1.612
2021-10-12,Dia das Crianças,data_comercial,0,chocolate;salgadinho;refrigerante;sorvete;suco,1.7
2021-10-12,Nossa Senhora Aparecida,feriado_oficial,0,todas,1.1
2021-10-13,Nossa Senhora Aparecida,feriado_oficial,-1,todas,1.05
2021-11-02,Finados,feriado_oficial,0,todas,1.1
2021-11-03,Finados,feriado_oficial,-1,todas,1.05
2021-11-15,Proclamação da República,feriado_oficial,0,todas,1.1
2021-11-16,Proclamação da República,feriado_oficial,-1,todas,1.05
2021-11-23,Black Friday,data_comercial,3,todas,1.15
2021-11-24,Black Friday,data_comercial,2,todas,1.25
2021-11-25,Black Friday,data_comercial,1,todas,1.375
2021-11-26,Black Friday,data_comercial,0,todas,1.5
2021-11-27,Black Friday,data_comercial,-1,todas,1.375
2021-11-28,Black Friday,data_comercial,-2,todas,1.25
2021-11-29,Cyber Monday,data_comercial,0,todas,1.3
2021-11-29,Black Friday,data_comercial,-3,todas,1.15
2021-11-30,Cyber Monday,data_comercial,-1,todas,1.15
2021-12-14,Véspera de Natal,data_comercial,10,vinho;espumante;chocolate;cerveja;refrigerante;panettone,1.54
2021-12-15,Véspera de Natal,data_comercial,9,vinho;espumante;chocolate;cerveja;refrigerante;panettone,1.54
2021-12-16,Véspera de Natal,data_comercial,8,vinho;espumante;chocolate;cerveja;refrigerante;panettone,1.54
2021-12-17,Véspera de Natal,data_comercial,7,vinho;espumante;chocolate;cerveja;refrigerante;panettone,1.655
2021-12-18,Véspera de Natal,data_comercial,6,vinho;espumante;chocolate;cerveja;refrigerante;panettone,1.818
2021-12-19,Véspera de Natal,data_comercial,5,vinho;espumante;chocolate;cerveja;refrigerante;panettone,1.982
2021-12-20,Véspera de Natal,data_comercial,4,vinho;espumante;chocolate;cerveja;refrigerante;panettone,2.145
2021-12-21,Véspera de Natal,data_comercial,3,vinho;espumante;chocolate;cerveja;refrigerante;panettone,2.309
2021-12-22,Véspera de Natal,data_comercial,2,vinho;espumante;chocolate;cerveja;refrigerante;panettone,2.473
2021-12-23,Véspera de Natal,data_comercial,1,vinho;espumante;chocolate;cerveja;refrigerante;panettone,2.636
2021-12-24,Véspera de Natal,data_comercial,0,vinho;espumante;chocolate;cerveja;refrigerante;panettone,2.8
2021-12-25,Natal,feriado_oficial,0,todas,1.1
2021-12-26,Réveillon,data_comercial,5,champagne;espumante;cerveja;gelo;refrigerante;energetico,1.6
2021-12-26,Natal,feriado_oficial,-1,todas,1.05
2021-12-27,Réveillon,data_comercial,4,champagne;espumante;cerveja;gelo;refrigerante;energetico,1.667
2021-12-28,Réveillon,data_comercial,3,champagne;espumante;cerveja;gelo;refrigerante;energetico,2.0
2021-12-29,Réveillon,data_comercial,2,champagne;espumante;cerveja;gelo;refrigerante;energetico,2.333
2021-12-30,Réveillon,data_comercial,1,champagne;espumante;cerveja;gelo;refrigerante;energetico,2.667
2021-12-31,Réveillon,data_comercial,0,champagne;espumante;cerveja;gelo;refrigerante;energetico,3.0
2022-01-01,Confraternização Universal,feriado_oficial,0,todas,1.1
2022-01-02,Confraternização Universal,feriado_oficial,-1,todas,1.05
2022-01-25,Aniversário de São Paulo,evento_local,0,cerveja;refrigerante,1.1
2022-03-03,Dia Internacional da Mulher,data_comercial,5,chocolate;vinho;espumante;flores,1.18
2022-03-04,Dia Internacional da Mulher,data_comercial,4,chocolate;vinho;espumante;flores,1.2
2022-03-05,Dia Internacional da Mulher,data_comercial,3,chocolate;vinho;espumante;flores,1.3
2022-03-06,Dia Internacional da Mulher,data_comercial,2,chocolate;vinho;espumante;flores,1.4
2022-03-07,Dia Internacional da Mulher,data_comercial,1,chocolate;vinho;espumante;flores,1.5
2022-03-08,Dia Internacional da Mulher,data_comercial,0,chocolate;vinho;espumante;flores,1.6
2022-03-12,Dia do Consumidor,data_comercial,3,todas,1.06
2022-03-13,Dia do Consumidor,data_comercial,2,todas,1.1
2022-03-14,Dia do Consumidor,data_comercial,1,todas,1.15
2022-03-15,Dia do Consumidor,data_comercial,0,todas,1.2
2022-03-16,Dia do Consumidor,data_comercial,-1,todas,1.15
2022-03-26,Aniversário de Barueri,evento_local,0,cerveja;refrigerante;snack,1.15
2022-04-15,Sexta-feira Santa,feriado_oficial,0,todas,1.1
2022-04-16,Sexta-feira Santa,feriado_oficial,-1,todas,1.05
2022-04-21,Tiradentes,feriado_oficial,0,todas,1.1
2022-04-22,Tiradentes,feriado_oficial,-1,todas,1.05
2022-04-28,Dia das Mães,data_comercial,10,chocolate;vinho;espumante;perfume,1.36
2022-04-29,Dia das Mães,data_comercial,9,chocolate;vinho;espumante;perfume,1.36
2022-04-30,Dia das Mães,data_comercial,8,chocolate;vinho;espumante;perfume,1.36
2022-05-01,Dia das Mães,data_comercial,7,chocolate;vinho;espumante;perfume,1.436
2022-05-01,Dia do Trabalhador,feriado_oficial,0,todas,1.1
2022-05-02,Dia das Mães,data_comercial,6,chocolate;vinho;espumante;perfume,1.545
2022-05-02,Dia do Trabalhador,feriado_oficial,-1,todas,1.05
2022-05-03,Dia das Mães,data_comercial,5,chocolate;vinho;espumante;perfume,1.655
2022-05-04,Dia das Mães,data_comercial,4,chocolate;vinho;espumante;perfume,1.764
2022-05-05,Dia das Mães,data_comercial,3,chocolate;vinho;espumante;perfume,1.873
2022-05-06,Dia das Mães,data_comercial,2,chocolate;vinho;espumante;perfume,1.982
2022-05-07,Dia das Mães,data_comercial,1,chocolate;vinho;espumante;perfume,2.091
2022-05-08,Dia das Mães,data_comercial,0,chocolate;vinho;espumante;perfume,2.2
2022-06-05,Dia dos Namorados,data_comercial,7,chocolate;vinho;espumante;cerveja_premium,1.45
2022-06-06,Dia dos Namorados,data_comercial,6,chocolate;vinho;espumante;cerveja_premium,1.45
2022-06-07,Dia dos Namorados,data_comercial,5,chocolate;vinho;espumante;cerveja_premium,1.562
2022-06-08,Dia dos Namorados,data_comercial,4,chocolate;vinho;espumante;cerveja_premium,1.75
2022-06-09,Dia dos Namorados,data_comercial,3,chocolate;vinho;espumante;cerveja_premium,1.938
2022-06-10,Dia dos Namorados,data_comercial,2,chocolate;vinho;espumante;cerveja_premium,2.125
2022-06-11,Dia dos Namorados,data_comercial,1,chocolate;vinho;espumante;cerveja_premium,2.312
2022-06-12,Dia dos Namorados,data_comercial,0,chocolate;vinho;espumante;cerveja_premium,2.5
2022-07-09,Revolução Constitucionalista,feriado_oficial,0,todas,1.1
2022-07-10,Revolução Constitucionalista,feriado_oficial,-1,todas,1.05
2022-08-04,Dia dos Pais,data_comercial,10,cerveja;whisky;cachaca;vinho_tinto;snack,1.27
2022-08-05,Dia dos Pais,data_comercial,9,cerveja;whisky;cachaca;vinho_tinto;snack,1.27
2022-08-06,Dia dos Pais,data_comercial,8,cerveja;whisky;cachaca;vinho_tinto;snack,1.27
2022-08-07,Dia dos Pais,data_comercial,7,cerveja;whisky;cachaca;vinho_tinto;snack,1.327
2022-08-08,Dia dos Pais,data_comercial,6,cerveja;whisky;cachaca;vinho_tinto;snack,1.409
2022-08-09,Dia dos Pais,data_comercial,5,cerveja;whisky;cachaca;vinho_tinto;snack,1.491
2022-08-10,Dia dos Pais,data_comercial,4,cerveja;whisky;cachaca;vinho_tinto;snack,1.573
2022-08-11,Dia dos Pais,data_comercial,3,cerveja;whisky;cachaca;vinho_tinto;snack,1.655
2022-08-12,Dia dos Pais,data_comercial,2,cerveja;whisky;cachaca;vinho_tinto;snack,1.736
2022-08-13,Dia dos Pais,data_comercial,1,cerveja;whisky;cachaca;vinho_tinto;snack,1.818
2022-08-14,Dia dos Pais,data_comercial,0,cerveja;whisky;cachaca;vinho_tinto;snack,1.9
2022-09-07,Independência do Brasil,feriado_oficial,0,todas,1.1
2022-09-08,Independência do Brasil,feriado_oficial,-1,todas,1.05
2022-10-05,Dia das Crianças,data_comercial,7,chocolate;salgadinho;refrigerante;sorvete;suco,1.21
2022-10-06,Dia das Crianças,data_comercial,6,chocolate;salgadinho;refrigerante;sorvete;suco,1.21
2022-10-07,Dia das Crianças,data_comercial,5,chocolate;salgadinho;refrigerante;sorvete;suco,1.262
2022-10-08,Dia das Crianças,data_comercial,4,chocolate;salgadinho;refrigerante;sorvete;suco,1.35
2022-10-09,Dia das Crianças,data_comercial,3,chocolate;salgadinho;refrigerante;sorvete;suco,1.438
2022-10-10,Dia das Crianças,data_comercial,2,chocolate;salgadinho;refrigerante;sorvete;suco,1.525
2022-10-11,Dia das Crianças,data_comercial,1,chocolate;salgadinho;refrigerante;sorvete;suco,1.612
2022-10-12,Dia das Crianças,data_comercial,0,chocolate;salgadinho;refrigerante;sorvete;suco,1.7
2022-10-12,Nossa Senhora Aparecida,feriado_oficial,0,todas,1.1
2022-10-13,Nossa Senhora Aparecida,feriado_oficial,-1,todas,1.05
2022-11-02,Finados,feriado_oficial,0,todas,1.1
2022-11-03,Finados,feriado_oficial,-1,todas,1.05
2022-11-15,Proclamação da República,feriado_oficial,0,todas,1.1
2022-11-16,Proclamação da República,feriado_oficial,-1,todas,1.05
2022-11-22,Black Friday,data_comercial,3,todas,1.15
2022-11-23,Black Friday,data_comercial,2,todas,1.25
2022-11-24,Copa 2022 — Brasil x Sérvia,evento_esportivo,0,cerveja;snack;refrigerante;gelo,2.8
2022-11-24,Black Friday,data_comercial,1,todas,1.375
2022-11-25,Black Friday,data_comercial,0,todas,1.5
2022-11-26,Black Friday,data_comercial,-1,todas,1.375
2022-11-27,Black Friday,data_comercial,-2,todas,1.25
2022-11-28,Copa 2022 — Brasil x Suíça,evento_esportivo,0,cerveja;snack;refrigerante;gelo,2.5
2022-11-28,Cyber Monday,data_comercial,0,todas,1.3
2022-11-28,Black Friday,data_comercial,-3,todas,1.15
2022-11-29,Cyber Monday,data_comercial,-1,todas,1.15
2022-12-02,Copa 2022 — Brasil x Camarões,evento_esportivo,0,cerveja;snack;refrigerante;gelo,2.3
2022-12-05,Copa 2022 — Brasil x Coréia,evento_esportivo,0,cerveja;snack;refrigerante;gelo,2.8
2022-12-09,Copa 2022 — Brasil x Croácia (eliminação),evento_esportivo,0,cerveja;snack;refrigerante;gelo,2.9
2022-12-14,Véspera de Natal,data_comercial,10,vinho;espumante;chocolate;cerveja;refrigerante;panettone,1.54
2022-12-15,Véspera de Natal,data_comercial,9,vinho;espumante;chocolate;cerveja;refrigerante;panettone,1.54
2022-12-16,Véspera de Natal,data_comercial,8,vinho;espumante;chocolate;cerveja;refrigerante;panettone,1.54
2022-12-17,Véspera de Natal,data_comercial,7,vinho;espumante;chocolate;cerveja;refrigerante;panettone,1.655
2022-12-18,Véspera de Natal,data_comercial,6,vinho;espumante;chocolate;cerveja;refrigerante;panettone,1.818
2022-12-19,Véspera de Natal,data_comercial,5,vinho;espumante;chocolate;cerveja;refrigerante;panettone,1.982
2022-12-20,Véspera de Natal,data_comercial,4,vinho;espumante;chocolate;cerveja;refrigerante;panettone,2.145
2022-12-21,Véspera de Natal,data_comercial,3,vinho;espumante;chocolate;cerveja;refrigerante;panettone,2.309
2022-12-22,Véspera de Natal,data_comercial,2,vinho;espumante;chocolate;cerveja;refrigerante;panettone,2.473
2022-12-23,Véspera de Natal,data_comercial,1,vinho;espumante;chocolate;cerveja;refrigerante;panettone,2.636
2022-12-24,Véspera de Natal,data_comercial,0,vinho;espumante;chocolate;cerveja;refrigerante;panettone,2.8
2022-12-25,Natal,feriado_oficial,0,todas,1.1
2022-12-26,Réveillon,data_comercial,5,champagne;espumante;cerveja;gelo;refrigerante;energetico,1.6
2022-12-26,Natal,feriado_oficial,-1,todas,1.05
2022-12-27,Réveillon,data_comercial,4,champagne;espumante;cerveja;gelo;refrigerante;energetico,1.667
2022-12-28,Réveillon,data_comercial,3,champagne;espumante;cerveja;gelo;refrigerante;energetico,2.0
2022-12-29,Réveillon,data_comercial,2,champagne;espumante;cerveja;gelo;refrigerante;energetico,2.333
2022-12-30,Réveillon,data_comercial,1,champagne;espumante;cerveja;gelo;refrigerante;energetico,2.667
2022-12-31,Réveillon,data_comercial,0,champagne;espumante;cerveja;gelo;refrigerante;energetico,3.0
2023-01-01,Confraternização Universal,feriado_oficial,0,todas,1.1
2023-01-02,Confraternização Universal,feriado_oficial,-1,todas,1.05
2023-01-25,Aniversário de São Paulo,evento_local,0,cerveja;refrigerante,1.1
2023-03-03,Dia Internacional da Mulher,data_comercial,5,chocolate;vinho;espumante;flores,1.18
2023-03-04,Dia Internacional da Mulher,data_comercial,4,chocolate;vinho;espumante;flores,1.2
2023-03-05,Dia Internacional da Mulher,data_comercial,3,chocolate;vinho;espumante;flores,1.3
2023-03-06,Dia Internacional da Mulher,data_comercial,2,chocolate;vinho;espumante;flores,1.4
2023-03-07,Dia Internacional da Mulher,data_comercial,1,chocolate;vinho;espumante;flores,1.5
2023-03-08,Dia Internacional da Mulher,data_comercial,0,chocolate;vinho;espumante;flores,1.6
2023-03-12,Dia do Consumidor,data_comercial,3,todas,1.06
2023-03-13,Dia do Consumidor,data_comercial,2,todas,1.1
2023-03-14,Dia do Consumidor,data_comercial,1,todas,1.15
2023-03-15,Dia do Consumidor,data_comercial,0,todas,1.2
2023-03-16,Dia do Consumidor,data_comercial,-1,todas,1.15
2023-03-26,Aniversário de Barueri,evento_local,0,cerveja;refrigerante;snack,1.15
2023-04-07,Sexta-feira Santa,feriado_oficial,0,todas,1.1
2023-04-08,Sexta-feira Santa,feriado_oficial,-1,todas,1.05
2023-04-21,Tiradentes,feriado_oficial,0,todas,1.1
2023-04-22,Tiradentes,feriado_oficial,-1,todas,1.05
2023-05-01,Dia do Trabalhador,feriado_oficial,0,todas,1.1
2023-05-02,Dia do Trabalhador,feriado_oficial,-1,todas,1.05
2023-05-04,Dia das Mães,data_comercial,10,chocolate;vinho;espumante;perfume,1.36
2023-05-05,Dia das Mães,data_comercial,9,chocolate;vinho;espumante;perfume,1.36
2023-05-06,Dia das Mães,data_comercial,8,chocolate;vinho;espumante;perfume,1.36
2023-05-07,Dia das Mães,data_comercial,7,chocolate;vinho;espumante;perfume,1.436
2023-05-08,Dia das Mães,data_comercial,6,chocolate;vinho;espumante;perfume,1.545
2023-05-09,Dia das Mães,data_comercial,5,chocolate;vinho;espumante;perfume,1.655
2023-05-10,Dia das Mães,data_comercial,4,chocolate;vinho;espumante;perfume,1.764
2023-05-11,Dia das Mães,data_comercial,3,chocolate;vinho;espumante;perfume,1.873
2023-05-12,Dia das Mães,data_comercial,2,chocolate;vinho;espumante;perfume,1.982
2023-05-13,Dia das Mães,data_comercial,1,chocolate;vinho;espumante;perfume,2.091
2023-05-14,Dia das Mães,data_comercial,0,chocolate;vinho;espumante;perfume,2.2
2023-06-05,Dia dos Namorados,data_comercial,7,chocolate;vinho;espumante;cerveja_premium,1.45
2023-06-06,Dia dos Namorados,data_comercial,6,chocolate;vinho;espumante;cerveja_premium,1.45
2023-06-07,Dia dos Namorados,data_comercial,5,chocolate;vinho;espumante;cerveja_premium,1.562
2023-06-08,Dia dos Namorados,data_comercial,4,chocolate;vinho;espumante;cerveja_premium,1.75
2023-06-09,Dia dos Namorados,data_comercial,3,chocolate;vinho;espumante;cerveja_premium,1.938
2023-06-10,Dia dos Namorados,data_comercial,2,chocolate;vinho;espumante;cerveja_premium,2.125
2023-06-11,Dia dos Namorados,data_comercial,1,chocolate;vinho;espumante;cerveja_premium,2.312
2023-06-12,Dia dos Namorados,data_comercial,0,chocolate;vinho;espumante;cerveja_premium,2.5
2023-07-09,Revolução Constitucionalista,feriado_oficial,0,todas,1.1
2023-07-10,Revolução Constitucionalista,feriado_oficial,-1,todas,1.05
2023-08-03,Dia dos Pais,data_comercial,10,cerveja;whisky;cachaca;vinho_tinto;snack,1.27
2023-08-04,Dia dos Pais,data_comercial,9,cerveja;whisky;cachaca;vinho_tinto;snack,1.27
2023-08-05,Dia dos Pais,data_comercial,8,cerveja;whisky;cachaca;vinho_tinto;snack,1.27
2023-08-06,Dia dos Pais,data_comercial,7,cerveja;whisky;cachaca;vinho_tinto;snack,1.327
2023-08-07,Dia dos Pais,data_comercial,6,cerveja;whisky;cachaca;vinho_tinto;snack,1.409
2023-08-08,Dia dos Pais,data_comercial,5,cerveja;whisky;cachaca;vinho_tinto;snack,1.491
2023-08-09,Dia dos Pais,data_comercial,4,cerveja;whisky;cachaca;vinho_tinto;snack,1.573
2023-08-10,Dia dos Pais,data_comercial,3,cerveja;whisky;cachaca;vinho_tinto;snack,1.655
2023-08-11,Dia dos Pais,data_comercial,2,cerveja;whisky;cachaca;vinho_tinto;snack,1.736
2023-08-12,Dia dos Pais,data_comercial,1,cerveja;whisky;cachaca;vinho_tinto;snack,1.818
2023-08-13,Dia dos Pais,data_comercial,0,cerveja;whisky;cachaca;vinho_tinto;snack,1.9
2023-09-07,Independência do Brasil,feriado_oficial,0,todas,1.1
2023-09-08,Independência do Brasil,feriado_oficial,-1,todas,1.05
2023-10-05,Dia das Crianças,data_comercial,7,chocolate;salgadinho;refrigerante;sorvete;suco,1.21
2023-10-06,Dia das Crianças,data_comercial,6,chocolate;salgadinho;refrigerante;sorvete;suco,1.21
2023-10-07,Dia das Crianças,data_comercial,5,chocolate;salgadinho;refrigerante;sorvete;suco,1.262
2023-10-08,Dia das Crianças,data_comercial,4,chocolate;salgadinho;refrigerante;sorvete;suco,1.35
2023-10-09,Dia das Crianças,data_comercial,3,chocolate;salgadinho;refrigerante;sorvete;suco,1.438
2023-10-10,Dia das Crianças,data_comercial,2,chocolate;salgadinho;refrigerante;sorvete;suco,1.525
2023-10-11,Dia das Crianças,data_comercial,1,chocolate;salgadinho;refrigerante;sorvete;suco,1.612
2023-10-12,Dia das Crianças,data_comercial,0,chocolate;salgadinho;refrigerante;sorvete;suco,1.7
2023-10-12,Nossa Senhora Aparecida,feriado_oficial,0,todas,1.1
2023-10-13,Nossa Senhora Aparecida,feriado_oficial,-1,todas,1.05
2023-11-02,Finados,feriado_oficial,0,todas,1.1
2023-11-03,Finados,feriado_oficial,-1,todas,1.05
2023-11-15,Proclamação da República,feriado_oficial,0,todas,1.1
2023-11-16,Proclamação da República,feriado_oficial,-1,todas,1.05
2023-11-21,Black Friday,data_comercial,3,todas,1.15
2023-11-22,Black Friday,data_comercial,2,todas,1.25
2023-11-23,Black Friday,data_comercial,1,todas,1.375
2023-11-24,Black Friday,data_comercial,0,todas,1.5
2023-11-25,Black Friday,data_comercial,-1,todas,1.375
2023-11-26,Black Friday,data_comercial,-2,todas,1.25
2023-11-27,Cyber Monday,data_comercial,0,todas,1.3
2023-11-27,Black Friday,data_comercial,-3,todas,1.15
2023-11-28,Cyber Monday,data_comercial,-1,todas,1.15
2023-12-14,Véspera de Natal,data_comercial,10,vinho;espumante;chocolate;cerveja;refrigerante;panettone,1.54
2023-12-15,Véspera de Natal,data_comercial,9,vinho;espumante;chocolate;cerveja;refrigerante;panettone,1.54
2023-12-16,Véspera de Natal,data_comercial,8,vinho;espumante;chocolate;cerveja;refrigerante;panettone,1.54
2023-12-17,Véspera de Natal,data_comercial,7,vinho;espumante;chocolate;cerveja;refrigerante;panettone,1.655
2023-12-18,Véspera de Natal,data_comercial,6,vinho;espumante;chocolate;cerveja;refrigerante;panettone,1.818
2023-12-19,Véspera de Natal,data_comercial,5,vinho;espumante;chocolate;cerveja;refrigerante;panettone,1.982
2023-12-20,Véspera de Natal,data_comercial,4,vinho;espumante;chocolate;cerveja;refrigerante;panettone,2.145
2023-12-21,Véspera de Natal,data_comercial,3,vinho;espumante;chocolate;cerveja;refrigerante;panettone,2.309
2023-12-22,Véspera de Natal,data_comercial,2,vinho;espumante;chocolate;cerveja;refrigerante;panettone,2.473
2023-12-23,Véspera de Natal,data_comercial,1,vinho;espumante;chocolate;cerveja;refrigerante;panettone,2.636
2023-12-24,Véspera de Natal,data_comercial,0,vinho;espumante;chocolate;cerveja;refrigerante;panettone,2.8
2023-12-25,Natal,feriado_oficial,0,todas,1.1
2023-12-26,Réveillon,data_comercial,5,champagne;espumante;cerveja;gelo;refrigerante;energetico,1.6
2023-12-26,Natal,feriado_oficial,-1,todas,1.05
2023-12-27,Réveillon,data_comercial,4,champagne;espumante;cerveja;gelo;refrigerante;energetico,1.667
2023-12-28,Réveillon,data_comercial,3,champagne;espumante;cerveja;gelo;refrigerante;energetico,2.0
2023-12-29,Réveillon,data_comercial,2,champagne;espumante;cerveja;gelo;refrigerante;energetico,2.333
2023-12-30,Réveillon,data_comercial,1,champagne;espumante;cerveja;gelo;refrigerante;energetico,2.667
2023-12-31,Réveillon,data_comercial,0,champagne;espumante;cerveja;gelo;refrigerante;energetico,3.0
2024-01-01,Confraternização Universal,feriado_oficial,0,todas,1.1
2024-01-02,Confraternização Universal,feriado_oficial,-1,todas,1.05
2024-01-25,Aniversário de São Paulo,evento_local,0,cerveja;refrigerante,1.1
2024-03-03,Dia Internacional da Mulher,data_comercial,5,chocolate;vinho;espumante;flores,1.18
2024-03-04,Dia Internacional da Mulher,data_comercial,4,chocolate;vinho;espumante;flores,1.2
2024-03-05,Dia Internacional da Mulher,data_comercial,3,chocolate;vinho;espumante;flores,1.3
2024-03-06,Dia Internacional da Mulher,data_comercial,2,chocolate;vinho;espumante;flores,1.4
2024-03-07,Dia Internacional da Mulher,data_comercial,1,chocolate;vinho;espumante;flores,1.5
2024-03-08,Dia Internacional da Mulher,data_comercial,0,chocolate;vinho;espumante;flores,1.6
2024-03-12,Dia do Consumidor,data_comercial,3,todas,1.06
2024-03-13,Dia do Consumidor,data_comercial,2,todas,1.1
2024-03-14,Dia do Consumidor,data_comercial,1,todas,1.15
2024-03-15,Dia do Consumidor,data_comercial,0,todas,1.2
2024-03-16,Dia do Consumidor,data_comercial,-1,todas,1.15
2024-03-26,Aniversário de Barueri,evento_local,0,cerveja;refrigerante;snack,1.15
2024-03-29,Sexta-feira Santa,feriado_oficial,0,todas,1.1
2024-03-30,Sexta-feira Santa,feriado_oficial,-1,todas,1.05
2024-04-21,Tiradentes,feriado_oficial,0,todas,1.1
2024-04-22,Tiradentes,feriado_oficial,-1,todas,1.05
2024-05-01,Dia do Trabalhador,feriado_oficial,0,todas,1.1
2024-05-02,Dia das Mães,data_comercial,10,chocolate;vinho;espumante;perfume,1.36
2024-05-02,Dia do Trabalhador,feriado_oficial,-1,todas,1.05
2024-05-03,Dia das Mães,data_comercial,9,chocolate;vinho;espumante;perfume,1.36
2024-05-04,Dia das Mães,data_comercial,8,chocolate;vinho;espumante;perfume,1.36
2024-05-05,Dia das Mães,data_comercial,7,chocolate;vinho;espumante;perfume,1.436
2024-05-06,Dia das Mães,data_comercial,6,chocolate;vinho;espumante;perfume,1.545
2024-05-07,Dia das Mães,data_comercial,5,chocolate;vinho;espumante;perfume,1.655
2024-05-08,Dia das Mães,data_comercial,4,chocolate;vinho;espumante;perfume,1.764
2024-05-09,Dia das Mães,data_comercial,3,chocolate;vinho;espumante;perfume,1.873
2024-05-10,Dia das Mães,data_comercial,2,chocolate;vinho;espumante;perfume,1.982
2024-05-11,Dia das Mães,data_comercial,1,chocolate;vinho;espumante;perfume,2.091
2024-05-12,Dia das Mães,data_comercial,0,chocolate;vinho;espumante;perfume,2.2
2024-06-05,Dia dos Namorados,data_comercial,7,chocolate;vinho;espumante;cerveja_premium,1.45
2024-06-06,Dia dos Namorados,data_comercial,6,chocolate;vinho;espumante;cerveja_premium,1.45
2024-06-07,Dia dos Namorados,data_comercial,5,chocolate;vinho;espumante;cerveja_premium,1.562
2024-06-08,Dia dos Namorados,data_comercial,4,chocolate;vinho;espumante;cerveja_premium,1.75
2024-06-09,Dia dos Namorados,data_comercial,3,chocolate;vinho;espumante;cerveja_premium,1.938
2024-06-10,Dia dos Namorados,data_comercial,2,chocolate;vinho;espumante;cerveja_premium,2.125
2024-06-11,Dia dos Namorados,data_comercial,1,chocolate;vinho;espumante;cerveja_premium,2.312
2024-06-12,Dia dos Namorados,data_comercial,0,chocolate;vinho;espumante;cerveja_premium,2.5
2024-07-09,Revolução Constitucionalista,feriado_oficial,0,todas,1.1
2024-07-10,Revolução Constitucionalista,feriado_oficial,-1,todas,1.05
2024-08-01,Dia dos Pais,data_comercial,10,cerveja;whisky;cachaca;vinho_tinto;snack,1.27
2024-08-02,Dia dos Pais,data_comercial,9,cerveja;whisky;cachaca;vinho_tinto;snack,1.27
2024-08-03,Dia dos Pais,data_comercial,8,cerveja;whisky;cachaca;vinho_tinto;snack,1.27
2024-08-04,Dia dos Pais,data_comercial,7,cerveja;whisky;cachaca;vinho_tinto;snack,1.327
2024-08-05,Dia dos Pais,data_comercial,6,cerveja;whisky;cachaca;vinho_tinto;snack,1.409
2024-08-06,Dia dos Pais,data_comercial,5,cerveja;whisky;cachaca;vinho_tinto;snack,1.491
2024-08-07,Dia dos Pais,data_comercial,4,cerveja;whisky;cachaca;vinho_tinto;snack,1.573
2024-08-08,Dia dos Pais,data_comercial,3,cerveja;whisky;cachaca;vinho_tinto;snack,1.655
2024-08-09,Dia dos Pais,data_comercial,2,cerveja;whisky;cachaca;vinho_tinto;snack,1.736
2024-08-10,Dia dos Pais,data_comercial,1,cerveja;whisky;cachaca;vinho_tinto;snack,1.818
2024-08-11,Dia dos Pais,data_comercial,0,cerveja;whisky;cachaca;vinho_tinto;snack,1.9
2024-09-07,Independência do Brasil,feriado_oficial,0,todas,1.1
2024-09-08,Independência do Brasil,feriado_oficial,-1,todas,1.05
2024-10-05,Dia das Crianças,data_comercial,7,chocolate;salgadinho;refrigerante;sorvete;suco,1.21
2024-10-06,Dia das Crianças,data_comercial,6,chocolate;salgadinho;refrigerante;sorvete;suco,1.21
2024-10-07,Dia das Crianças,data_comercial,5,chocolate;salgadinho;refrigerante;sorvete;suco,1.262
2024-10-08,Dia das Crianças,data_comercial,4,chocolate;salgadinho;refrigerante;sorvete;suco,1.35
2024-10-09,Dia das Crianças,data_comercial,3,chocolate;salgadinho;refrigerante;sorvete;suco,1.438
2024-10-10,Dia das Crianças,data_comercial,2,chocolate;salgadinho;refrigerante;sorvete;suco,1.525
2024-10-11,Dia das Crianças,data_comercial,1,chocolate;salgadinho;refrigerante;sorvete;suco,1.612
2024-10-12,Dia das Crianças,data_comercial,0,chocolate;salgadinho;refrigerante;sorvete;suco,1.7
2024-10-12,Nossa Senhora Aparecida,feriado_oficial,0,todas,1.1
2024-10-13,Nossa Senhora Aparecida,feriado_oficial,-1,todas,1.05
2024-11-02,Finados,feriado_oficial,0,todas,1.1
2024-11-03,Finados,feriado_oficial,-1,todas,1.05
2024-11-15,Proclamação da República,feriado_oficial,0,todas,1.1
2024-11-16,Proclamação da República,feriado_oficial,-1,todas,1.05
2024-11-20,Dia Nacional de Zumbi e da Consciência Negra,feriado_oficial,0,todas,1.1
2024-11-21,Dia Nacional de Zumbi e da Consciência Negra,feriado_oficial,-1,todas,1.05
2024-11-26,Black Friday,data_comercial,3,todas,1.15
2024-11-27,Black Friday,data_comercial,2,todas,1.25
2024-11-28,Black Friday,data_comercial,1,todas,1.375
2024-11-29,Black Friday,data_comercial,0,todas,1.5
2024-11-30,Black Friday,data_comercial,-1,todas,1.375
2024-12-01,Black Friday,data_comercial,-2,todas,1.25
2024-12-02,Cyber Monday,data_comercial,0,todas,1.3
2024-12-02,Black Friday,data_comercial,-3,todas,1.15
2024-12-03,Cyber Monday,data_comercial,-1,todas,1.15
2024-12-14,Véspera de Natal,data_comercial,10,vinho;espumante;chocolate;cerveja;refrigerante;panettone,1.54
2024-12-15,Véspera de Natal,data_comercial,9,vinho;espumante;chocolate;cerveja;refrigerante;panettone,1.54
2024-12-16,Véspera de Natal,data_comercial,8,vinho;espumante;chocolate;cerveja;refrigerante;panettone,1.54
2024-12-17,Véspera de Natal,data_comercial,7,vinho;espumante;chocolate;cerveja;refrigerante;panettone,1.655
2024-12-18,Véspera de Natal,data_comercial,6,vinho;espumante;chocolate;cerveja;refrigerante;panettone,1.818
2024-12-19,Véspera de Natal,data_comercial,5,vinho;espumante;chocolate;cerveja;refrigerante;panettone,1.982
2024-12-20,Véspera de Natal,data_comercial,4,vinho;espumante;chocolate;cerveja;refrigerante;panettone,2.145
2024-12-21,Véspera de Natal,data_comercial,3,vinho;espumante;chocolate;cerveja;refrigerante;panettone,2.309
2024-12-22,Véspera de Natal,data_comercial,2,vinho;espumante;chocolate;cerveja;refrigerante;panettone,2.473
2024-12-23,Véspera de Natal,data_comercial,1,vinho;espumante;chocolate;cerveja;refrigerante;panettone,2.636
2024-12-24,Véspera de Natal,data_comercial,0,vinho;espumante;chocolate;cerveja;refrigerante;panettone,2.8
2024-12-25,Natal,feriado_oficial,0,todas,1.1
2024-12-26,Réveillon,data_comercial,5,champagne;espumante;cerveja;gelo;refrigerante;energetico,1.6
2024-12-26,Natal,feriado_oficial,-1,todas,1.05
2024-12-27,Réveillon,data_comercial,4,champagne;espumante;cerveja;gelo;refrigerante;energetico,1.667
2024-12-28,Réveillon,data_comercial,3,champagne;espumante;cerveja;gelo;refrigerante;energetico,2.0
2024-12-29,Réveillon,data_comercial,2,champagne;espumante;cerveja;gelo;refrigerante;energetico,2.333
2024-12-30,Réveillon,data_comercial,1,champagne;espumante;cerveja;gelo;refrigerante;energetico,2.667
2024-12-31,Réveillon,data_comercial,0,champagne;espumante;cerveja;gelo;refrigerante;energetico,3.0
2025-01-01,Confraternização Universal,feriado_oficial,0,todas,1.1
2025-01-02,Confraternização Universal,feriado_oficial,-1,todas,1.05
2025-01-25,Aniversário de São Paulo,evento_local,0,cerveja;refrigerante,1.1
2025-03-03,Dia Internacional da Mulher,data_comercial,5,chocolate;vinho;espumante;flores,1.18
2025-03-04,Dia Internacional da Mulher,data_comercial,4,chocolate;vinho;espumante;flores,1.2
2025-03-05,Dia Internacional da Mulher,data_comercial,3,chocolate;vinho;espumante;flores,1.3
2025-03-06,Dia Internacional da Mulher,data_comercial,2,chocolate;vinho;espumante;flores,1.4
2025-03-07,Dia Internacional da Mulher,data_comercial,1,chocolate;vinho;espumante;flores,1.5
2025-03-08,Dia Internacional da Mulher,data_comercial,0,chocolate;vinho;espumante;flores,1.6
2025-03-12,Dia do Consumidor,data_comercial,3,todas,1.06
2025-03-13,Dia do Consumidor,data_comercial,2,todas,1.1
2025-03-14,Dia do Consumidor,data_comercial,1,todas,1.15
2025-03-15,Dia do Consumidor,data_comercial,0,todas,1.2
2025-03-16,Dia do Consumidor,data_comercial,-1,todas,1.15
2025-03-26,Aniversário de Barueri,evento_local,0,cerveja;refrigerante;snack,1.15
2025-04-18,Sexta-feira Santa,feriado_oficial,0,todas,1.1
2025-04-19,Sexta-feira Santa,feriado_oficial,-1,todas,1.05
2025-04-21,Tiradentes,feriado_oficial,0,todas,1.1
2025-04-22,Tiradentes,feriado_oficial,-1,todas,1.05
2025-05-01,Dia das Mães,data_comercial,10,chocolate;vinho;espumante;perfume,1.36
2025-05-01,Dia do Trabalhador,feriado_oficial,0,todas,1.1
2025-05-02,Dia das Mães,data_comercial,9,chocolate;vinho;espumante;perfume,1.36
2025-05-02,Dia do Trabalhador,feriado_oficial,-1,todas,1.05
2025-05-03,Dia das Mães,data_comercial,8,chocolate;vinho;espumante;perfume,1.36
2025-05-04,Dia das Mães,data_comercial,7,chocolate;vinho;espumante;perfume,1.436
2025-05-05,Dia das Mães,data_comercial,6,chocolate;vinho;espumante;perfume,1.545
2025-05-06,Dia das Mães,data_comercial,5,chocolate;vinho;espumante;perfume,1.655
2025-05-07,Dia das Mães,data_comercial,4,chocolate;vinho;espumante;perfume,1.764
2025-05-08,Dia das Mães,data_comercial,3,chocolate;vinho;espumante;perfume,1.873
2025-05-09,Dia das Mães,data_comercial,2,chocolate;vinho;espumante;perfume,1.982
2025-05-10,Dia das Mães,data_comercial,1,chocolate;vinho;espumante;perfume,2.091
2025-05-11,Dia das Mães,data_comercial,0,chocolate;vinho;espumante;perfume,2.2
2025-06-05,Dia dos Namorados,data_comercial,7,chocolate;vinho;espumante;cerveja_premium,1.45
2025-06-06,Dia dos Namorados,data_comercial,6,chocolate;vinho;espumante;cerveja_premium,1.45
2025-06-07,Dia dos Namorados,data_comercial,5,chocolate;vinho;espumante;cerveja_premium,1.562
2025-06-08,Dia dos Namorados,data_comercial,4,chocolate;vinho;espumante;cerveja_premium,1.75
2025-06-09,Dia dos Namorados,data_comercial,3,chocolate;vinho;espumante;cerveja_premium,1.938
2025-06-10,Dia dos Namorados,data_comercial,2,chocolate;vinho;espumante;cerveja_premium,2.125
2025-06-11,Dia dos Namorados,data_comercial,1,chocolate;vinho;espumante;cerveja_premium,2.312
2025-06-12,Dia dos Namorados,data_comercial,0,chocolate;vinho;espumante;cerveja_premium,2.5
2025-07-09,Revolução Constitucionalista,feriado_oficial,0,todas,1.1
2025-07-10,Revolução Constitucionalista,feriado_oficial,-1,todas,1.05
2025-07-31,Dia dos Pais,data_comercial,10,cerveja;whisky;cachaca;vinho_tinto;snack,1.27
2025-08-01,Dia dos Pais,data_comercial,9,cerveja;whisky;cachaca;vinho_tinto;snack,1.27
2025-08-02,Dia dos Pais,data_comercial,8,cerveja;whisky;cachaca;vinho_tinto;snack,1.27
2025-08-03,Dia dos Pais,data_comercial,7,cerveja;whisky;cachaca;vinho_tinto;snack,1.327
2025-08-04,Dia dos Pais,data_comercial,6,cerveja;whisky;cachaca;vinho_tinto;snack,1.409
2025-08-05,Dia dos Pais,data_comercial,5,cerveja;whisky;cachaca;vinho_tinto;snack,1.491
2025-08-06,Dia dos Pais,data_comercial,4,cerveja;whisky;cachaca;vinho_tinto;snack,1.573
2025-08-07,Dia dos Pais,data_comercial,3,cerveja;whisky;cachaca;vinho_tinto;snack,1.655
2025-08-08,Dia dos Pais,data_comercial,2,cerveja;whisky;cachaca;vinho_tinto;snack,1.736
2025-08-09,Dia dos Pais,data_comercial,1,cerveja;whisky;cachaca;vinho_tinto;snack,1.818
2025-08-10,Dia dos Pais,data_comercial,0,cerveja;whisky;cachaca;vinho_tinto;snack,1.9
2025-09-07,Independência do Brasil,feriado_oficial,0,todas,1.1
2025-09-08,Independência do Brasil,feriado_oficial,-1,todas,1.05
2025-10-05,Dia das Crianças,data_comercial,7,chocolate;salgadinho;refrigerante;sorvete;suco,1.21
2025-10-06,Dia das Crianças,data_comercial,6,chocolate;salgadinho;refrigerante;sorvete;suco,1.21
2025-10-07,Dia das Crianças,data_comercial,5,chocolate;salgadinho;refrigerante;sorvete;suco,1.262
2025-10-08,Dia das Crianças,data_comercial,4,chocolate;salgadinho;refrigerante;sorvete;suco,1.35
2025-10-09,Dia das Crianças,data_comercial,3,chocolate;salgadinho;refrigerante;sorvete;suco,1.438
2025-10-10,Dia das Crianças,data_comercial,2,chocolate;salgadinho;refrigerante;sorvete;suco,1.525
2025-10-11,Dia das Crianças,data_comercial,1,chocolate;salgadinho;refrigerante;sorvete;suco,1.612
2025-10-12,Dia das Crianças,data_comercial,0,chocolate;salgadinho;refrigerante;sorvete;suco,1.7
2025-10-12,Nossa Senhora Aparecida,feriado_oficial,0,todas,1.1
2025-10-13,Nossa Senhora Aparecida,feriado_oficial,-1,todas,1.05
2025-11-02,Finados,feriado_oficial,0,todas,1.1
2025-11-03,Finados,feriado_oficial,-1,todas,1.05
2025-11-15,Proclamação da República,feriado_oficial,0,todas,1.1
2025-11-16,Proclamação da República,feriado_oficial,-1,todas,1.05
2025-11-20,Dia Nacional de Zumbi e da Consciência Negra,feriado_oficial,0,todas,1.1
2025-11-21,Dia Nacional de Zumbi e da Consciência Negra,feriado_oficial,-1,todas,1.05
2025-11-25,Black Friday,data_comercial,3,todas,1.15
2025-11-26,Black Friday,data_comercial,2,todas,1.25
2025-11-27,Black Friday,data_comercial,1,todas,1.375
2025-11-28,Black Friday,data_comercial,0,todas,1.5
2025-11-29,Black Friday,data_comercial,-1,todas,1.375
2025-11-30,Black Friday,data_comercial,-2,todas,1.25
2025-12-01,Cyber Monday,data_comercial,0,todas,1.3
2025-12-01,Black Friday,data_comercial,-3,todas,1.15
2025-12-02,Cyber Monday,data_comercial,-1,todas,1.15
2025-12-14,Véspera de Natal,data_comercial,10,vinho;espumante;chocolate;cerveja;refrigerante;panettone,1.54
2025-12-15,Véspera de Natal,data_comercial,9,vinho;espumante;chocolate;cerveja;refrigerante;panettone,1.54
2025-12-16,Véspera de Natal,data_comercial,8,vinho;espumante;chocolate;cerveja;refrigerante;panettone,1.54
2025-12-17,Véspera de Natal,data_comercial,7,vinho;espumante;chocolate;cerveja;refrigerante;panettone,1.655
2025-12-18,Véspera de Natal,data_comercial,6,vinho;espumante;chocolate;cerveja;refrigerante;panettone,1.818
2025-12-19,Véspera de Natal,data_comercial,5,vinho;espumante;chocolate;cerveja;refrigerante;panettone,1.982
2025-12-20,Véspera de Natal,data_comercial,4,vinho;espumante;chocolate;cerveja;refrigerante;panettone,2.145
2025-12-21,Véspera de Natal,data_comercial,3,vinho;espumante;chocolate;cerveja;refrigerante;panettone,2.309
2025-12-22,Véspera de Natal,data_comercial,2,vinho;espumante;chocolate;cerveja;refrigerante;panettone,2.473
2025-12-23,Véspera de Natal,data_comercial,1,vinho;espumante;chocolate;cerveja;refrigerante;panettone,2.636
2025-12-24,Véspera de Natal,data_comercial,0,vinho;espumante;chocolate;cerveja;refrigerante;panettone,2.8
2025-12-25,Natal,feriado_oficial,0,todas,1.1
2025-12-26,Réveillon,data_comercial,5,champagne;espumante;cerveja;gelo;refrigerante;energetico,1.6
2025-12-26,Natal,feriado_oficial,-1,todas,1.05
2025-12-27,Réveillon,data_comercial,4,champagne;espumante;cerveja;gelo;refrigerante;energetico,1.667
2025-12-28,Réveillon,data_comercial,3,champagne;espumante;cerveja;gelo;refrigerante;energetico,2.0
2025-12-29,Réveillon,data_comercial,2,champagne;espumante;cerveja;gelo;refrigerante;energetico,2.333
2025-12-30,Réveillon,data_comercial,1,champagne;espumante;cerveja;gelo;refrigerante;energetico,2.667
2025-12-31,Réveillon,data_comercial,0,champagne;espumante;cerveja;gelo;refrigerante;energetico,3.0
2026-01-01,Confraternização Universal,feriado_oficial,0,todas,1.1
2026-01-02,Confraternização Universal,feriado_oficial,-1,todas,1.05
2026-01-25,Aniversário de São Paulo,evento_local,0,cerveja;refrigerante,1.1
2026-03-03,Dia Internacional da Mulher,data_comercial,5,chocolate;vinho;espumante;flores,1.18
2026-03-04,Dia Internacional da Mulher,data_comercial,4,chocolate;vinho;espumante;flores,1.2
2026-03-05,Dia Internacional da Mulher,data_comercial,3,chocolate;vinho;espumante;flores,1.3
2026-03-06,Dia Internacional da Mulher,data_comercial,2,chocolate;vinho;espumante;flores,1.4
2026-03-07,Dia Internacional da Mulher,data_comercial,1,chocolate;vinho;espumante;flores,1.5
2026-03-08,Dia Internacional da Mulher,data_comercial,0,chocolate;vinho;espumante;flores,1.6
2026-03-12,Dia do Consumidor,data_comercial,3,todas,1.06
2026-03-13,Dia do Consumidor,data_comercial,2,todas,1.1
2026-03-14,Dia do Consumidor,data_comercial,1,todas,1.15
2026-03-15,Dia do Consumidor,data_comercial,0,todas,1.2
2026-03-16,Dia do Consumidor,data_comercial,-1,todas,1.15
2026-03-26,Aniversário de Barueri,evento_local,0,cerveja;refrigerante;snack,1.15
2026-04-03,Sexta-feira Santa,feriado_oficial,0,todas,1.1
2026-04-04,Sexta-feira Santa,feriado_oficial,-1,todas,1.05
2026-04-21,Tiradentes,feriado_oficial,0,todas,1.1
2026-04-22,Tiradentes,feriado_oficial,-1,todas,1.05
2026-04-30,Dia das Mães,data_comercial,10,chocolate;vinho;espumante;perfume,1.36
2026-05-01,Dia das Mães,data_comercial,9,chocolate;vinho;espumante;perfume,1.36
2026-05-01,Dia do Trabalhador,feriado_oficial,0,todas,1.1
2026-05-02,Dia das Mães,data_comercial,8,chocolate;vinho;espumante;perfume,1.36
2026-05-02,Dia do Trabalhador,feriado_oficial,-1,todas,1.05
2026-05-03,Dia das Mães,data_comercial,7,chocolate;vinho;espumante;perfume,1.436
2026-05-04,Dia das Mães,data_comercial,6,chocolate;vinho;espumante;perfume,1.545
2026-05-05,Dia das Mães,data_comercial,5,chocolate;vinho;espumante;perfume,1.655
2026-05-06,Dia das Mães,data_comercial,4,chocolate;vinho;espumante;perfume,1.764
2026-05-07,Dia das Mães,data_comercial,3,chocolate;vinho;espumante;perfume,1.873
2026-05-08,Dia das Mães,data_comercial,2,chocolate;vinho;espumante;perfume,1.982
2026-05-09,Dia das Mães,data_comercial,1,chocolate;vinho;espumante;perfume,2.091
2026-05-10,Dia das Mães,data_comercial,0,chocolate;vinho;espumante;perfume,2.2
2026-06-05,Dia dos Namorados,data_comercial,7,chocolate;vinho;espumante;cerveja_premium,1.45
2026-06-06,Dia dos Namorados,data_comercial,6,chocolate;vinho;espumante;cerveja_premium,1.45
2026-06-07,Dia dos Namorados,data_comercial,5,chocolate;vinho;espumante;cerveja_premium,1.562
2026-06-08,Dia dos Namorados,data_comercial,4,chocolate;vinho;espumante;cerveja_premium,1.75
2026-06-09,Dia dos Namorados,data_comercial,3,chocolate;vinho;espumante;cerveja_premium,1.938
2026-06-10,Dia dos Namorados,data_comercial,2,chocolate;vinho;espumante;cerveja_premium,2.125
2026-06-11,Dia dos Namorados,data_comercial,1,chocolate;vinho;espumante;cerveja_premium,2.312
2026-06-11,Copa 2026 — Abertura,evento_esportivo,0,cerveja;snack;refrigerante;gelo,1.8
2026-06-12,Dia dos Namorados,data_comercial,0,chocolate;vinho;espumante;cerveja_premium,2.5
2026-06-15,Copa 2026 — Estreia provável Brasil,evento_esportivo,0,cerveja;snack;refrigerante;gelo,2.5
2026-06-20,Copa 2026 — Fase de grupos Brasil,evento_esportivo,0,cerveja;snack;refrigerante;gelo,2.3
2026-06-25,Copa 2026 — Fase de grupos Brasil,evento_esportivo,0,cerveja;snack;refrigerante;gelo,2.5
2026-07-09,Revolução Constitucionalista,feriado_oficial,0,todas,1.1
2026-07-10,Revolução Constitucionalista,feriado_oficial,-1,todas,1.05
2026-07-19,Copa 2026 — Final,evento_esportivo,0,cerveja;snack;refrigerante;gelo,2.0
2026-07-30,Dia dos Pais,data_comercial,10,cerveja;whisky;cachaca;vinho_tinto;snack,1.27
2026-07-31,Dia dos Pais,data_comercial,9,cerveja;whisky;cachaca;vinho_tinto;snack,1.27
2026-08-01,Dia dos Pais,data_comercial,8,cerveja;whisky;cachaca;vinho_tinto;snack,1.27
2026-08-02,Dia dos Pais,data_comercial,7,cerveja;whisky;cachaca;vinho_tinto;snack,1.327
2026-08-03,Dia dos Pais,data_comercial,6,cerveja;whisky;cachaca;vinho_tinto;snack,1.409
2026-08-04,Dia dos Pais,data_comercial,5,cerveja;whisky;cachaca;vinho_tinto;snack,1.491
2026-08-05,Dia dos Pais,data_comercial,4,cerveja;whisky;cachaca;vinho_tinto;snack,1.573
2026-08-06,Dia dos Pais,data_comercial,3,cerveja;whisky;cachaca;vinho_tinto;snack,1.655
2026-08-07,Dia dos Pais,data_comercial,2,cerveja;whisky;cachaca;vinho_tinto;snack,1.736
2026-08-08,Dia dos Pais,data_comercial,1,cerveja;whisky;cachaca;vinho_tinto;snack,1.818
2026-08-09,Dia dos Pais,data_comercial,0,cerveja;whisky;cachaca;vinho_tinto;snack,1.9
2026-09-07,Independência do Brasil,feriado_oficial,0,todas,1.1
2026-09-08,Independência do Brasil,feriado_oficial,-1,todas,1.05
2026-10-05,Dia das Crianças,data_comercial,7,chocolate;salgadinho;refrigerante;sorvete;suco,1.21
2026-10-06,Dia das Crianças,data_comercial,6,chocolate;salgadinho;refrigerante;sorvete;suco,1.21
2026-10-07,Dia das Crianças,data_comercial,5,chocolate;salgadinho;refrigerante;sorvete;suco,1.262
2026-10-08,Dia das Crianças,data_comercial,4,chocolate;salgadinho;refrigerante;sorvete;suco,1.35
2026-10-09,Dia das Crianças,data_comercial,3,chocolate;salgadinho;refrigerante;sorvete;suco,1.438
2026-10-10,Dia das Crianças,data_comercial,2,chocolate;salgadinho;refrigerante;sorvete;suco,1.525
2026-10-11,Dia das Crianças,data_comercial,1,chocolate;salgadinho;refrigerante;sorvete;suco,1.612
2026-10-12,Dia das Crianças,data_comercial,0,chocolate;salgadinho;refrigerante;sorvete;suco,1.7
2026-10-12,Nossa Senhora Aparecida,feriado_oficial,0,todas,1.1
2026-10-13,Nossa Senhora Aparecida,feriado_oficial,-1,todas,1.05
2026-11-02,Finados,feriado_oficial,0,todas,1.1
2026-11-03,Finados,feriado_oficial,-1,todas,1.05
2026-11-15,Proclamação da República,feriado_oficial,0,todas,1.1
2026-11-16,Proclamação da República,feriado_oficial,-1,todas,1.05
2026-11-20,Dia Nacional de Zumbi e da Consciência Negra,feriado_oficial,0,todas,1.1
2026-11-21,Dia Nacional de Zumbi e da Consciência Negra,feriado_oficial,-1,todas,1.05
2026-11-24,Black Friday,data_comercial,3,todas,1.15
2026-11-25,Black Friday,data_comercial,2,todas,1.25
2026-11-26,Black Friday,data_comercial,1,todas,1.375
2026-11-27,Black Friday,data_comercial,0,todas,1.5
2026-11-28,Black Friday,data_comercial,-1,todas,1.375
2026-11-29,Black Friday,data_comercial,-2,todas,1.25
2026-11-30,Cyber Monday,data_comercial,0,todas,1.3
2026-11-30,Black Friday,data_comercial,-3,todas,1.15
2026-12-01,Cyber Monday,data_comercial,-1,todas,1.15
2026-12-14,Véspera de Natal,data_comercial,10,vinho;espumante;chocolate;cerveja;refrigerante;panettone,1.54
2026-12-15,Véspera de Natal,data_comercial,9,vinho;espumante;chocolate;cerveja;refrigerante;panettone,1.54
2026-12-16,Véspera de Natal,data_comercial,8,vinho;espumante;chocolate;cerveja;refrigerante;panettone,1.54
2026-12-17,Véspera de Natal,data_comercial,7,vinho;espumante;chocolate;cerveja;refrigerante;panettone,1.655
2026-12-18,Véspera de Natal,data_comercial,6,vinho;espumante;chocolate;cerveja;refrigerante;panettone,1.818
2026-12-19,Véspera de Natal,data_comercial,5,vinho;espumante;chocolate;cerveja;refrigerante;panettone,1.982
2026-12-20,Véspera de Natal,data_comercial,4,vinho;espumante;chocolate;cerveja;refrigerante;panettone,2.145
2026-12-21,Véspera de Natal,data_comercial,3,vinho;espumante;chocolate;cerveja;refrigerante;panettone,2.309
2026-12-22,Véspera de Natal,data_comercial,2,vinho;espumante;chocolate;cerveja;refrigerante;panettone,2.473
2026-12-23,Véspera de Natal,data_comercial,1,vinho;espumante;chocolate;cerveja;refrigerante;panettone,2.636
2026-12-24,Véspera de Natal,data_comercial,0,vinho;espumante;chocolate;cerveja;refrigerante;panettone,2.8
2026-12-25,Natal,feriado_oficial,0,todas,1.1
2026-12-26,Réveillon,data_comercial,5,champagne;espumante;cerveja;gelo;refrigerante;energetico,1.6
2026-12-26,Natal,feriado_oficial,-1,todas,1.05
2026-12-27,Réveillon,data_comercial,4,champagne;espumante;cerveja;gelo;refrigerante;energetico,1.667
2026-12-28,Réveillon,data_comercial,3,champagne;espumante;cerveja;gelo;refrigerante;energetico,2.0
2026-12-29,Réveillon,data_comercial,2,champagne;espumante;cerveja;gelo;refrigerante;energetico,2.333
2026-12-30,Réveillon,data_comercial,1,champagne;espumante;cerveja;gelo;refrigerante;energetico,2.667
2026-12-31,Réveillon,data_comercial,0,champagne;espumante;cerveja;gelo;refrigerante;energetico,3.0
2027-01-01,Confraternização Universal,feriado_oficial,0,todas,1.1
2027-01-02,Confraternização Universal,feriado_oficial,-1,todas,1.05
2027-01-25,Aniversário de São Paulo,evento_local,0,cerveja;refrigerante,1.1
2027-03-03,Dia Internacional da Mulher,data_comercial,5,chocolate;vinho;espumante;flores,1.18
2027-03-04,Dia Internacional da Mulher,data_comercial,4,chocolate;vinho;espumante;flores,1.2
2027-03-05,Dia Internacional da Mulher,data_comercial,3,chocolate;vinho;espumante;flores,1.3
2027-03-06,Dia Internacional da Mulher,data_comercial,2,chocolate;vinho;espumante;flores,1.4
2027-03-07,Dia Internacional da Mulher,data_comercial,1,chocolate;vinho;espumante;flores,1.5
2027-03-08,Dia Internacional da Mulher,data_comercial,0,chocolate;vinho;espumante;flores,1.6
2027-03-12,Dia do Consumidor,data_comercial,3,todas,1.06
2027-03-13,Dia do Consumidor,data_comercial,2,todas,1.1
2027-03-14,Dia do Consumidor,data_comercial,1,todas,1.15
2027-03-15,Dia do Consumidor,data_comercial,0,todas,1.2
2027-03-16,Dia do Consumidor,data_comercial,-1,todas,1.15
2027-03-26,Aniversário de Barueri,evento_local,0,cerveja;refrigerante;snack,1.15
2027-03-26,Sexta-feira Santa,feriado_oficial,0,todas,1.1
2027-03-27,Sexta-feira Santa,feriado_oficial,-1,todas,1.05
2027-04-21,Tiradentes,feriado_oficial,0,todas,1.1
2027-04-22,Tiradentes,feriado_oficial,-1,todas,1.05
2027-04-29,Dia das Mães,data_comercial,10,chocolate;vinho;espumante;perfume,1.36
2027-04-30,Dia das Mães,data_comercial,9,chocolate;vinho;espumante;perfume,1.36
2027-05-01,Dia das Mães,data_comercial,8,chocolate;vinho;espumante;perfume,1.36
2027-05-01,Dia do Trabalhador,feriado_oficial,0,todas,1.1
2027-05-02,Dia das Mães,data_comercial,7,chocolate;vinho;espumante;perfume,1.436
2027-05-02,Dia do Trabalhador,feriado_oficial,-1,todas,1.05
2027-05-03,Dia das Mães,data_comercial,6,chocolate;vinho;espumante;perfume,1.545
2027-05-04,Dia das Mães,data_comercial,5,chocolate;vinho;espumante;perfume,1.655
2027-05-05,Dia das Mães,data_comercial,4,chocolate;vinho;espumante;perfume,1.764
2027-05-06,Dia das Mães,data_comercial,3,chocolate;vinho;espumante;perfume,1.873
2027-05-07,Dia das Mães,data_comercial,2,chocolate;vinho;espumante;perfume,1.982
2027-05-08,Dia das Mães,data_comercial,1,chocolate;vinho;espumante;perfume,2.091
2027-05-09,Dia das Mães,data_comercial,0,chocolate;vinho;espumante;perfume,2.2
2027-06-05,Dia dos Namorados,data_comercial,7,chocolate;vinho;espumante;cerveja_premium,1.45
2027-06-06,Dia dos Namorados,data_comercial,6,chocolate;vinho;espumante;cerveja_premium,1.45
2027-06-07,Dia dos Namorados,data_comercial,5,chocolate;vinho;espumante;cerveja_premium,1.562
2027-06-08,Dia dos Namorados,data_comercial,4,chocolate;vinho;espumante;cerveja_premium,1.75
2027-06-09,Dia dos Namorados,data_comercial,3,chocolate;vinho;espumante;cerveja_premium,1.938
2027-06-10,Dia dos Namorados,data_comercial,2,chocolate;vinho;espumante;cerveja_premium,2.125
2027-06-11,Dia dos Namorados,data_comercial,1,chocolate;vinho;espumante;cerveja_premium,2.312
2027-06-12,Dia dos Namorados,data_comercial,0,chocolate;vinho;espumante;cerveja_premium,2.5
2027-07-09,Revolução Constitucionalista,feriado_oficial,0,todas,1.1
2027-07-10,Revolução Constitucionalista,feriado_oficial,-1,todas,1.05
2027-07-29,Dia dos Pais,data_comercial,10,cerveja;whisky;cachaca;vinho_tinto;snack,1.27
2027-07-30,Dia dos Pais,data_comercial,9,cerveja;whisky;cachaca;vinho_tinto;snack,1.27
2027-07-31,Dia dos Pais,data_comercial,8,cerveja;whisky;cachaca;vinho_tinto;snack,1.27
2027-08-01,Dia dos Pais,data_comercial,7,cerveja;whisky;cachaca;vinho_tinto;snack,1.327
2027-08-02,Dia dos Pais,data_comercial,6,cerveja;whisky;cachaca;vinho_tinto;snack,1.409
2027-08-03,Dia dos Pais,data_comercial,5,cerveja;whisky;cachaca;vinho_tinto;snack,1.491
2027-08-04,Dia dos Pais,data_comercial,4,cerveja;whisky;cachaca;vinho_tinto;snack,1.573
2027-08-05,Dia dos Pais,data_comercial,3,cerveja;whisky;cachaca;vinho_tinto;snack,1.655
2027-08-06,Dia dos Pais,data_comercial,2,cerveja;whisky;cachaca;vinho_tinto;snack,1.736
2027-08-07,Dia dos Pais,data_comercial,1,cerveja;whisky;cachaca;vinho_tinto;snack,1.818
2027-08-08,Dia dos Pais,data_comercial,0,cerveja;whisky;cachaca;vinho_tinto;snack,1.9
2027-09-07,Independência do Brasil,feriado_oficial,0,todas,1.1
2027-09-08,Independência do Brasil,feriado_oficial,-1,todas,1.05
2027-10-05,Dia das Crianças,data_comercial,7,chocolate;salgadinho;refrigerante;sorvete;suco,1.21
2027-10-06,Dia das Crianças,data_comercial,6,chocolate;salgadinho;refrigerante;sorvete;suco,1.21
2027-10-07,Dia das Crianças,data_comercial,5,chocolate;salgadinho;refrigerante;sorvete;suco,1.262
2027-10-08,Dia das Crianças,data_comercial,4,chocolate;salgadinho;refrigerante;sorvete;suco,1.35
2027-10-09,Dia das Crianças,data_comercial,3,chocolate;salgadinho;refrigerante;sorvete;suco,1.438
2027-10-10,Dia das Crianças,data_comercial,2,chocolate;salgadinho;refrigerante;sorvete;suco,1.525
2027-10-11,Dia das Crianças,data_comercial,1,chocolate;salgadinho;refrigerante;sorvete;suco,1.612
2027-10-12,Dia das Crianças,data_comercial,0,chocolate;salgadinho;refrigerante;sorvete;suco,1.7
2027-10-12,Nossa Senhora Aparecida,feriado_oficial,0,todas,1.1
2027-10-13,Nossa Senhora Aparecida,feriado_oficial,-1,todas,1.05
2027-11-02,Finados,feriado_oficial,0,todas,1.1
2027-11-03,Finados,feriado_oficial,-1,todas,1.05
2027-11-15,Proclamação da República,feriado_oficial,0,todas,1.1
2027-11-16,Proclamação da República,feriado_oficial,-1,todas,1.05
2027-11-20,Dia Nacional de Zumbi e da Consciência Negra,feriado_oficial,0,todas,1.1
2027-11-21,Dia Nacional de Zumbi e da Consciência Negra,feriado_oficial,-1,todas,1.05
2027-11-23,Black Friday,data_comercial,3,todas,1.15
2027-11-24,Black Friday,data_comercial,2,todas,1.25
2027-11-25,Black Friday,data_comercial,1,todas,1.375
2027-11-26,Black Friday,data_comercial,0,todas,1.5
2027-11-27,Black Friday,data_comercial,-1,todas,1.375
2027-11-28,Black Friday,data_comercial,-2,todas,1.25
2027-11-29,Cyber Monday,data_comercial,0,todas,1.3
2027-11-29,Black Friday,data_comercial,-3,todas,1.15
2027-11-30,Cyber Monday,data_comercial,-1,todas,1.15
2027-12-14,Véspera de Natal,data_comercial,10,vinho;espumante;chocolate;cerveja;refrigerante;panettone,1.54
2027-12-15,Véspera de Natal,data_comercial,9,vinho;espumante;chocolate;cerveja;refrigerante;panettone,1.54
2027-12-16,Véspera de Natal,data_comercial,8,vinho;espumante;chocolate;cerveja;refrigerante;panettone,1.54
2027-12-17,Véspera de Natal,data_comercial,7,vinho;espumante;chocolate;cerveja;refrigerante;panettone,1.655
2027-12-18,Véspera de Natal,data_comercial,6,vinho;espumante;chocolate;cerveja;refrigerante;panettone,1.818
2027-12-19,Véspera de Natal,data_comercial,5,vinho;espumante;chocolate;cerveja;refrigerante;panettone,1.982
2027-12-20,Véspera de Natal,data_comercial,4,vinho;espumante;chocolate;cerveja;refrigerante;panettone,2.145
2027-12-21,Véspera de Natal,data_comercial,3,vinho;espumante;chocolate;cerveja;refrigerante;panettone,2.309
2027-12-22,Véspera de Natal,data_comercial,2,vinho;espumante;chocolate;cerveja;refrigerante;panettone,2.473
2027-12-23,Véspera de Natal,data_comercial,1,vinho;espumante;chocolate;cerveja;refrigerante;panettone,2.636
2027-12-24,Véspera de Natal,data_comercial,0,vinho;espumante;chocolate;cerveja;refrigerante;panettone,2.8
2027-12-25,Natal,feriado_oficial,0,todas,1.1
2027-12-26,Réveillon,data_comercial,5,champagne;espumante;cerveja;gelo;refrigerante;energetico,1.6
2027-12-26,Natal,feriado_oficial,-1,todas,1.05
2027-12-27,Réveillon,data_comercial,4,champagne;espumante;cerveja;gelo;refrigerante;energetico,1.667
2027-12-28,Réveillon,data_comercial,3,champagne;espumante;cerveja;gelo;refrigerante;energetico,2.0
2027-12-29,Réveillon,data_comercial,2,champagne;espumante;cerveja;gelo;refrigerante;energetico,2.333
2027-12-30,Réveillon,data_comercial,1,champagne;espumante;cerveja;gelo;refrigerante;energetico,2.667
2027-12-31,Réveillon,data_comercial,0,champagne;espumante;cerveja;gelo;refrigerante;energetico,3.0
