sku,categoria,preco_venda_medio,custo_medio,n_snapshots,primeiro_visto,ultimo_visto,ultima_venda_max,margem_R$,margem_pct,tipo
CABO MICRO USB SJX-08-V8 SHINKA,ACESSORIOS CELULAR,31.99,14.8264,38,2022-1,2026-12,2026-03-22,17.16,53.6,revisar
CABO TYPE C MAMMOTH,ACESSORIOS CELULAR,39.99,18.0,38,2022-1,2025-12,2026-05-10,21.99,55.0,revisar
CABO TYPE C SJX-08-TPC SHINKA,ACESSORIOS CELULAR,39.99,18.0,36,2022-1,2026-12,2024-07-23,21.99,55.0,revisar
CARREGADOR INTELIGENTE KA-5003 KAPBOM,ACESSORIOS CELULAR,34.99,16.0,42,2022-1,2026-12,2025-05-04,18.99,54.3,revisar
CARREGADOR VEICULAR USB SHINKA,ACESSORIOS CELULAR,39.99,18.0,28,2022-1,2026-12,2026-05-06,21.99,55.0,revisar
ELECTRONIC MUSIC HEADSET SH-FO-669 SHINKA,ACESSORIOS CELULAR,31.99,14.8894,39,2022-1,2026-11,2026-03-03,17.1,53.5,revisar
SHINKA MACARON SERIES CABO DE DADOS LIGHTNING CB-IP-99,ACESSORIOS CELULAR,39.99,18.0,16,2022-1,2023-11,2026-05-06,21.99,55.0,revisar
SUPORTE VEICULAR UNIVERSAL TOMATE MTG-006,ACESSORIOS CELULAR,31.99,14.9684,40,2022-1,2026-12,2026-02-07,17.02,53.2,revisar
GITANES AGUA PARA BATERIA 1LT,ACESSÓRIOS DIVERSOS,6.99,2.69,1,2022-2,2022-2,2026-05-10,4.3,61.5,revisar
"ACHOCOLATADO NESCAU EM PÓ 1,3KG",ACHOCOLATADO,5.2,0.098,51,2022-1,2026-12,,5.1,98.1,conveniencia
"ACHOCOLATADO NESTLE DOIS FRADES 1,3KG",ACHOCOLATADO,5.2,0.1965,50,2022-1,2026-12,2025-10-11,5.0,96.2,conveniencia
NESCAFÉ ALEGRIA. NESCAU.,ACHOCOLATADO,8.5,3.3322,22,2022-1,2026-11,2026-05-03,5.17,60.8,conveniencia
"NESTLE ALPINO CHOCOLATE AO LEITE 1,3KG",ACHOCOLATADO,5.2,0.2249,51,2022-1,2026-12,,4.98,95.8,conveniencia
NESTLE ALPINO FAST 280ML,ACHOCOLATADO,12.99,6.33,2,2025-1,2026-8,2026-05-05,6.66,51.3,conveniencia
NESTLE NESCAU FAST 270ML,ACHOCOLATADO,12.99,6.3504,5,2024-2,2026-11,2026-05-09,6.64,51.1,conveniencia
AGUA SABORIZADA CRYSTAL SPARKLING MELANCIA 510ML,AGUA,5.99,2.4993,20,2022-1,2024-11,2026-05-10,3.49,58.3,conveniencia
AGUA TONICA FYS 350ML,AGUA,6.99,2.4817,46,2022-1,2026-12,2025-11-05,4.51,64.5,conveniencia
AGUA TONICA PETRA 350ML,AGUA,6.99,2.5733,47,2022-1,2026-12,2024-04-14,4.42,63.2,conveniencia
CRYSTAL SPARKLING FRUTAS VERMELHAS 510ML,AGUA SABORIZADA,5.99,2.5109,19,2022-1,2023-11,2026-05-07,3.48,58.1,conveniencia
CRYSTAL SPARKLING LIMAO 510ML,AGUA SABORIZADA,5.99,2.5129,19,2022-1,2026-11,2026-04-29,3.48,58.1,conveniencia
CRYSTAL SPARKLING TANG E CAPIM-LIMAO 510ML,AGUA SABORIZADA,5.99,2.5095,19,2022-1,2023-11,2026-05-07,3.48,58.1,conveniencia
H2O LIMONETO 500ML,AGUA SABORIZADA,9.99,3.9983,1,2024-10,2024-10,2026-05-10,5.99,60.0,conveniencia
H2O LIMONETO ZERO AÇUCAR LATA 350ML,AGUA SABORIZADA,5.99,2.3883,49,2022-1,2026-12,2026-05-05,3.6,60.1,conveniencia
51 ICE FRUIT MIX MORAN E LARANJ LONG NECK 275ML,AGUARDENTES,11.99,4.7679,50,2022-1,2026-12,2026-04-26,7.22,60.2,conveniencia
BEBIDA ALCOOLICA ICE LEEV LIMÃO 275ML,AGUARDENTES,12.99,5.165,16,2022-1,2023-11,2026-05-04,7.83,60.3,conveniencia
BEBIDA ALCOOLICA ICE LEEV MELANCIA 275ML,AGUARDENTES,12.99,5.1467,35,2022-1,2026-12,2026-02-10,7.84,60.4,conveniencia
BEBIDA ALCOOLICA ICE LEEV MORANGO 275ML,AGUARDENTES,12.99,4.6877,41,2022-1,2026-12,2026-04-12,8.3,63.9,conveniencia
CABARÉ ICE FRUTAS VERMELHAS 275ML,AGUARDENTES,16.99,6.8562,14,2022-1,2026-9,2026-03-07,10.13,59.6,conveniencia
CABARÉ ICE LIMÃO 275ML,AGUARDENTES,16.99,6.7457,20,2022-1,2026-11,2026-04-26,10.24,60.3,conveniencia
CACHAÇA CABARE ICE 275,AGUARDENTES,13.99,5.7973,34,2022-1,2026-12,2025-09-13,8.19,58.5,conveniencia
AMENDOIM AMENDUPA COM PELE 50G,AMENDOIN/NOZES,2.99,1.4457,37,2022-1,2026-12,2026-01-26,1.54,51.5,conveniencia
AMENDOIM CROKISSIMO SALGADO 90GR,AMENDOIN/NOZES,6.99,3.38,50,2022-1,2026-12,2026-04-08,3.61,51.6,conveniencia
AMENDOIM ELMA CHIPS OVINHO 145G,AMENDOIN/NOZES,11.99,6.2883,38,2022-1,2026-12,2026-04-08,5.7,47.5,conveniencia
AMENDOIM ELMA CHIPS S/PELE 100G,AMENDOIN/NOZES,11.99,6.5881,16,2022-1,2026-11,2026-04-21,5.4,45.0,conveniencia
AMENDOIM JAPONES ELMA CHIPS 145G,AMENDOIN/NOZES,11.99,6.4131,17,2022-1,2025-11,2026-05-08,5.58,46.5,conveniencia
AMENDOIM PARI S/ PELE 120G,AMENDOIN/NOZES,7.99,3.99,49,2022-1,2026-12,2026-05-06,4.0,50.1,conveniencia
CASTANHA DE CAJU TORRADA E SALGADA AMIGOS DO BEM CASTANHA DO BEM PACOTE 30G,AMENDOIN/NOZES,6.99,3.645,49,2022-1,2026-12,2026-04-25,3.35,47.9,conveniencia
BALA DE GOMA GOMUTCHO 31G,BALA,1.99,0.5029,19,2022-1,2026-11,2026-01-29,1.49,74.9,conveniencia
BALA FRUITTELLA CARAMELO 41G,BALA,4.99,2.1127,35,2022-1,2025-12,2026-05-09,2.88,57.7,conveniencia
BALA FRUITTELLA MORANGO 40GR,BALA,4.99,2.0189,12,2022-1,2023-11,2026-05-09,2.97,59.5,conveniencia
BALA SKITLES ORIGINAL 38G,BALA,5.99,2.6771,29,2022-1,2024-11,2026-05-08,3.31,55.3,conveniencia
GOMETS FRUTAS 32GR,BALA,1.99,0.6255,43,2022-1,2026-12,2026-05-08,1.36,68.3,conveniencia
BALA FINI GELATINA BEIJOS MORANGO 15GR,BALA FINI,1.99,0.9325,18,2022-1,2025-11,2026-05-07,1.06,53.3,conveniencia
BALA FINI GELATINA DENTADURA 15G,BALA FINI,1.99,0.9169,17,2022-1,2023-11,2026-05-08,1.07,53.8,conveniencia
BALA FINI REGALIZ TUBES ACIDO MORANGO 80G,BALA FINI,10.99,4.7717,30,2022-1,2026-12,2026-01-04,6.22,56.6,conveniencia
BALA FINI REGALIZ TUBES ACIDO SORTIDO CEREJA ABACAXI MAÇA VERDE 17G,BALA FINI,1.99,0.926,20,2022-1,2025-11,2026-05-08,1.06,53.3,conveniencia
BALA FINI REGALIZ TUBES MORANGO 80G,BALA FINI,10.99,4.8933,24,2022-1,2026-12,2026-05-10,6.1,55.5,conveniencia
BALA FINI TUBES MONO TWISTER 17G,BALA FINI,1.99,0.8675,19,2022-1,2026-11,2026-03-13,1.12,56.3,conveniencia
BALA FINI TUBES MORANGO 17G,BALA FINI,1.99,0.8518,42,2022-1,2026-12,2026-01-26,1.14,57.3,conveniencia
BALA FINI TUBES TUTTI-FRUTTI 15G,BALA FINI,1.99,0.8675,17,2022-1,2026-11,2026-02-26,1.12,56.3,conveniencia
FINI TUBES TWISTER CITRUS 15G,BALA FINI,1.99,0.9031,49,2022-1,2026-12,2026-04-14,1.09,54.8,conveniencia
BATERIA STARLUX ENERGY LITHIUM CR2032 230MAH 3V,BATERIA,3.99,1.6578,40,2022-1,2026-12,2026-05-02,2.33,58.4,revisar
BEBIDA LACTEA NESCAFÉ LATTE 270ML,BEBIDA LÁCTEA,13.99,6.405,45,2022-1,2026-12,2026-03-28,7.58,54.2,conveniencia
DANETE ACHOCOLATADO 200ML,BEBIDA LÁCTEA,4.99,2.2,25,2022-1,2026-12,2026-04-27,2.79,55.9,conveniencia
NESCAFE CAPPUCINO CLASSICO 270 ML,BEBIDA LÁCTEA,12.99,6.4067,44,2022-1,2026-12,2026-05-09,6.58,50.7,conveniencia
NESTLE NESTON FAST VITAMINA 280ML,BEBIDA LÁCTEA,12.99,6.3325,3,2025-1,2026-12,2026-05-10,6.66,51.3,conveniencia
ADRIA BISCOITO MOUSSE CHOCOLATE MEIO AMARGO 130G,BISCOITO,4.99,2.7,27,2022-1,2026-12,2026-05-01,2.29,45.9,conveniencia
ADRIA BISCOITO MOUSSE DE CHOCOLATE 130G,BISCOITO,4.99,2.81,42,2022-1,2026-12,2026-05-08,2.18,43.7,conveniencia
ADRIA BISCOITO RECHEAD TORTINHA DUE 140G,BISCOITO,5.99,3.09,50,2022-1,2026-12,2026-04-30,2.9,48.4,conveniencia
ADRIA MOUSSE MORANGO COM CHOCOLATE 130G,BISCOITO,4.99,2.8,27,2022-1,2026-12,2026-05-01,2.19,43.9,conveniencia
ADRIA TORTINHA DUE CHOCOLATE BRANCO E GELEIA DE FRUTAS VERMELHAS 140G,BISCOITO,5.99,2.95,50,2022-1,2026-12,2026-04-22,3.04,50.8,conveniencia
ARCOR PASSION CHOCOLATE 80G,BISCOITO,5.99,3.004,49,2022-1,2026-12,2026-05-07,2.99,49.9,conveniencia
ARCOR PASSION LIMÃO 80G,BISCOITO,5.99,3.004,46,2022-1,2026-12,2026-03-30,2.99,49.9,conveniencia
BAUDUCCO COOKIE ORIGINAL 60GR,BISCOITO,5.99,2.6,45,2022-1,2025-12,2026-05-06,3.39,56.6,conveniencia
BISCOITO BON O BON CHOCOLATE 76G,BISCOITO,7.99,3.995,48,2022-1,2026-12,2026-05-10,3.99,49.9,conveniencia
BISCOITO BONOBON CHOCO BISCUIT BEIJINHO 76G,BISCOITO,7.99,3.995,50,2022-1,2026-12,2026-04-22,4.0,50.1,conveniencia
BISCOITO COOKIE NESTLE CLASSIC COOKIE BAUNILHA 60G,BISCOITO,5.99,2.6406,33,2022-1,2026-12,2026-05-09,3.35,55.9,conveniencia
BISCOITO COOKIE NESTLE NESCAU DUO 60G,BISCOITO,5.99,2.62,23,2022-1,2026-11,2026-03-08,3.37,56.3,conveniencia
BISCOITO COOKIE NESTLE PRESTIGIO 60G,BISCOITO,5.99,2.6892,19,2022-1,2026-11,2026-05-03,3.3,55.1,conveniencia
BISCOITO ITAMARATY WAFFER LOOK CHOCO 55GR,BISCOITO,4.99,2.8579,42,2022-1,2026-12,2025-12-21,2.13,42.7,conveniencia
BISCOITO ITAMARATY WAFFER LOOK MORANG 55GR,BISCOITO,4.99,2.7033,49,2022-1,2026-12,2025-12-07,2.29,45.9,conveniencia
BISCOITO NESTLE CHOCO BISCUIT AO LEITE 78G,BISCOITO,9.99,5.312,40,2022-1,2025-12,2026-05-10,4.68,46.8,conveniencia
BISCOITO RECHEADO BONO CHOCOLATE 90G,BISCOITO,4.99,2.4858,26,2022-1,2026-12,2026-03-20,2.5,50.1,conveniencia
BISCOITO RECHEADO BONO COCO 90G,BISCOITO,5.89,2.8,49,2022-1,2026-12,2026-02-10,3.09,52.5,conveniencia
BISCOITO WAFER CHOCOLATE TRIUNFO 105G,BISCOITO,6.99,3.0872,43,2022-1,2026-12,2026-04-21,3.9,55.8,conveniencia
BISCOITO WAFER LIMAO TRIUNFO 105G,BISCOITO,6.99,3.06,45,2022-1,2026-12,2026-04-17,3.93,56.2,conveniencia
BISCOITO WAFER MORANGO TRIUNFO 105G,BISCOITO,6.99,3.09,45,2022-1,2026-12,2026-04-12,3.9,55.8,conveniencia
CASSINI POLVILHO 100G,BISCOITO,7.99,3.99,48,2022-1,2026-12,2026-05-08,4.0,50.1,conveniencia
CASSINI POLVILHO QUEIJO 100G,BISCOITO,7.99,3.99,49,2022-1,2026-12,2026-05-06,4.0,50.1,conveniencia
CLUB SOCIAL BACON E PROVOLONE 141G,BISCOITO,2.99,0.7637,10,2022-2,2026-10,2026-04-16,2.23,74.6,conveniencia
CLUB SOCIAL CEBOLA COM SOUR CREAM 141G,BISCOITO,2.99,0.7317,34,2022-1,2026-12,2026-05-03,2.26,75.6,conveniencia
CLUB SOCIAL ORIGINAL 24GR,BISCOITO,2.99,0.7206,3,2022-5,2022-7,2026-05-07,2.27,75.9,conveniencia
CLUB SOCIAL PIZZA MARGUERITA 68G,BISCOITO,8.99,4.61,40,2022-1,2026-12,2026-05-04,4.38,48.7,conveniencia
"CLUB SOCIAL PRESUNTO 23,5GR",BISCOITO,2.99,0.7256,8,2022-3,2022-10,2026-05-10,2.26,75.6,conveniencia
"CLUB SOCIAL RECH. QUEIJO, TOMATE E MANJERICAO 26,5GR",BISCOITO,2.99,1.0715,8,2022-3,2022-10,2026-05-03,1.92,64.2,conveniencia
CLUB SOCIAL RECH. REQUEIJAO 106G,BISCOITO,2.99,1.0625,8,2022-3,2022-10,2026-05-03,1.93,64.5,conveniencia
CLUB SOCIAL SNACK ASSADO CHURRASCO 68G,BISCOITO,8.99,4.61,40,2022-1,2026-12,2026-05-06,4.38,48.7,conveniencia
CLUB SOCIAL SNACK BARBECUE 68G,BISCOITO,8.99,4.99,36,2022-1,2026-12,2026-05-05,4.0,44.5,conveniencia
CLUB SOCIAL SNACK CEBOLA E SALSA 68G,BISCOITO,8.99,4.61,38,2022-1,2026-12,2026-04-03,4.38,48.7,conveniencia
CLUB SOCIAL SNACK QUEIJO 68G,BISCOITO,8.99,4.6625,42,2022-1,2026-12,2026-05-09,4.33,48.2,conveniencia
COOKIES GALAK 60G,BISCOITO,5.99,2.6075,31,2022-1,2026-12,2026-04-29,3.38,56.4,conveniencia
LACTA COOKIE AO LEITE 80GR,BISCOITO,7.99,4.41,41,2022-1,2026-12,2026-04-17,3.58,44.8,conveniencia
LACTA COOKIE LAKA 80GR,BISCOITO,7.99,4.41,44,2022-1,2026-12,2026-05-10,3.58,44.8,conveniencia
NESTLE BISCOITO CHOCOBISCUIT RECHEIO COOKIES AND CREAM 90G,BISCOITO,12.99,9.0014,33,2022-1,2024-12,2026-05-08,3.99,30.7,conveniencia
NESTLE BONO RECH. DOCE DE LEITE 90G,BISCOITO,4.99,2.4867,23,2022-1,2026-12,2026-05-05,2.5,50.1,conveniencia
NESTLE BONO RECH. MORANGO 90G,BISCOITO,4.99,2.7985,45,2022-1,2026-12,2026-05-08,2.19,43.9,conveniencia
NESTLE BONO RECHEADO LIMAO 90G,BISCOITO,4.99,2.4833,41,2022-1,2026-12,2026-04-11,2.51,50.3,conveniencia
NESTLE CLASSIC COOKIE CHOC GOTAS 60G,BISCOITO,5.99,2.6075,34,2022-1,2026-12,2026-04-28,3.38,56.4,conveniencia
NESTLE COOKIE CHARGE 60G,BISCOITO,5.99,2.617,50,2022-1,2026-12,2026-03-26,3.37,56.3,conveniencia
NESTLE NEGRESCO COOKIE CHOC GOTAS BAUN 60GR,BISCOITO,5.99,2.6158,11,2023-1,2026-11,2026-03-17,3.37,56.3,conveniencia
NESTLE NESFIT BANANA AVEIA E CANELA 160GR,BISCOITO,7.99,4.0625,18,2022-2,2026-12,2026-05-09,3.93,49.2,conveniencia
NESTLE NESFIT CACAU E AVELA 140G,BISCOITO,7.99,4.0161,26,2022-1,2026-12,2026-05-08,3.97,49.7,conveniencia
NESTLE NESFIT MORANGO E CEREAIS 160G,BISCOITO,7.99,4.0225,32,2022-1,2026-12,2026-03-21,3.97,49.7,conveniencia
NESTLE PASSATEMPO COOKIE DE LEITE 60GR,BISCOITO,5.99,2.7278,22,2022-1,2025-12,2026-05-03,3.26,54.4,conveniencia
NESTLE PASSATEMPO LEITE NINHO 150G,BISCOITO,5.99,2.9217,15,2022-2,2026-12,2026-05-02,3.07,51.3,conveniencia
NESTLE PASSATEMPO RECHEIO DE CHOCO MORANGO 130GR,BISCOITO,5.99,3.23,40,2022-1,2026-12,2026-03-27,2.76,46.1,conveniencia
NESTLE PASSATEMPO RECHEIO DE CHOCOLATE 130GR,BISCOITO,5.99,2.9311,10,2022-2,2023-12,2026-05-05,3.06,51.1,conveniencia
NESTLE PASSATEMPO RECHEIO DE MORANGO 130GR,BISCOITO,5.99,3.236,27,2022-1,2026-12,2026-03-15,2.75,45.9,conveniencia
OREO CHOCOLATE 90G,BISCOITO,6.99,3.6,29,2022-1,2026-12,2026-04-12,3.39,48.5,conveniencia
OREO MILKSHAKE DE MORANGO 90GR,BISCOITO,6.99,3.45,33,2022-1,2026-12,2026-03-24,3.54,50.6,conveniencia
OREO ORIGINAL 90GR,BISCOITO,6.99,3.672,14,2022-2,2026-10,2026-05-06,3.32,47.5,conveniencia
PALITO LOOK CHOCOLATE 55GR,BISCOITO,5.99,3.178,31,2022-1,2026-12,2026-01-11,2.81,46.9,conveniencia
PALITO LOOK MORANGO 55GR,BISCOITO,5.99,2.9269,34,2022-1,2026-12,2025-11-24,3.06,51.1,conveniencia
PIRAQUE BISCOITO PRESUNTINHO 100GR,BISCOITO,6.99,3.44,21,2022-1,2026-12,2026-04-27,3.55,50.8,conveniencia
PIRAQUE ROLADINHO GOIABINHA 75GR,BISCOITO,7.99,3.98,35,2022-1,2026-12,2026-04-26,4.01,50.2,conveniencia
TRAKINAS MEIO A MEIO CHOCOLATE BRANCO E PRETO 126G,BISCOITO,4.99,2.427,23,2022-1,2026-11,2026-05-02,2.56,51.3,conveniencia
TRAKINAS MEIO A MEIO CHOCOLATE E MORANGO 126G,BISCOITO,4.99,2.3317,16,2022-1,2026-12,2026-04-04,2.66,53.3,conveniencia
TRAKINAS RECH. CHOCOLATE 126G,BISCOITO,4.99,2.2833,13,2022-1,2026-11,2026-04-26,2.71,54.3,conveniencia
TRAKINAS RECH. MORANGO 126G,BISCOITO,4.99,2.25,10,2022-1,2026-11,2026-04-29,2.74,54.9,conveniencia
TRAKINAS RECHEADA TORTINHA DE LIMAO 126G,BISCOITO,4.99,2.2729,27,2022-1,2026-12,2026-04-28,2.72,54.5,conveniencia
TRIUNFO WAFER CHOCO/AVELA 105GR,BISCOITO,6.99,0.0,45,2022-1,2026-12,2026-05-08,6.99,100.0,conveniencia
WAFER HANUTA AVELA,BISCOITO,6.99,3.85,28,2022-1,2026-12,2026-02-15,3.14,44.9,conveniencia
WAFER RECHEADO OURO BRANCO 25G,BISCOITO,3.99,1.7835,39,2022-1,2026-12,2024-11-03,2.21,55.4,conveniencia
WAFER RECHEADO SONHO DE VALSA 25G,BISCOITO,3.99,1.7933,48,2022-1,2026-12,2024-08-03,2.2,55.1,conveniencia
BAUDUCCO BOLINHO DUPLO CHOCOLATE 40GR,BOLO,3.99,1.98,33,2022-1,2025-12,2026-05-10,2.01,50.4,conveniencia
BAUDUCCO ROLL CHOCOLATE 34GR,BOLO,3.99,1.73,41,2022-1,2026-12,2026-04-30,2.26,56.6,conveniencia
"CAFE NESCAFE CAPPUCCINO CLASSIC CANELA 1,3KG",CAFÉ,7.0,0.1957,51,2022-1,2026-12,2020-06-22,6.8,97.1,conveniencia
"NESCAFÉ ALEGRIA CAPUCCINO 1,3KG",CAFÉ,8.5,0.2054,48,2022-1,2026-12,2023-09-06,8.29,97.5,conveniencia
NESCAFÉ ALEGRIA EXPRESSO 500GR,CAFÉ,6.0,0.3037,41,2022-1,2025-12,2026-05-09,5.7,95.0,conveniencia
NESCAFÉ ALEGRIA. ALPINO,CAFÉ,8.5,6.2985,21,2022-1,2023-11,2026-05-03,2.2,25.9,conveniencia
NESCAFÉ ALEGRIA. CAPPUCCINO ALPINO,CAFÉ,8.5,8.4241,21,2022-1,2023-11,2026-05-02,0.08,0.9,conveniencia
NESCAFÉ ALEGRIA. CAPPUCCINO CLASSIC CANELA,CAFÉ,8.5,5.4791,18,2022-1,2023-11,2026-05-08,3.02,35.5,conveniencia
NESCAFÉ ALEGRIA. MOKACCINO DOIS FRADES,CAFÉ,8.5,7.0391,21,2022-1,2023-11,2026-05-09,1.46,17.2,conveniencia
"NESCAFÉ CAPPUCCINO LATTE 1,3KG",CAFÉ,0.0,0.217,51,2022-1,2026-12,,-0.22,-inf,conveniencia
CARVÃO 4KG,CARVÃO,44.99,21.2,2,2025-2,2026-2,2026-05-10,23.79,52.9,conveniencia
BARRA CEREAL NUTRY AVEIA BANANA E MEL,CEREAIS,3.99,1.4713,5,2022-2,2022-6,2026-05-10,2.52,63.2,conveniencia
BARRA CEREAL NUTRY BANANA ZERO 23G,CEREAIS,6.99,3.2733,47,2022-1,2026-12,2025-11-07,3.72,53.2,conveniencia
BARRA CEREAL NUTRY BOLO CHOCOLATE 22GR,CEREAIS,3.99,1.4063,7,2022-2,2023-7,2026-05-10,2.58,64.7,conveniencia
BARRA CEREAL NUTRY CHOCOLATE AO LEITE 30G,CEREAIS,9.99,4.9203,32,2022-1,2026-12,2026-03-29,5.07,50.8,conveniencia
BARRA CEREAL NUTRY FR.VERM. COOKIES 22GR,CEREAIS,3.99,1.2883,49,2022-1,2026-12,2026-05-09,2.7,67.7,conveniencia
BARRA CEREAL NUTRY MOR. C/ CHOC. LIGHT 22GR,CEREAIS,3.99,1.2883,13,2022-1,2026-11,2026-03-06,2.7,67.7,conveniencia
BARRA CEREAL NUTRY PASTA DE AMENDOIM 30G,CEREAIS,9.99,4.5985,30,2022-1,2025-12,2026-05-10,5.39,54.0,conveniencia
BARRA PROTEICA BOLD COOKIES E CREAM 40G,CEREAIS,13.99,6.9345,44,2022-1,2025-12,2026-05-10,7.06,50.5,conveniencia
BARRA PROTEICA BOLD TUBE PISTACHE 40G,CEREAIS,13.99,6.6231,42,2022-1,2026-12,2026-04-28,7.37,52.7,conveniencia
CHOCO WHEYFER PISTACHE 25G,CEREAIS,9.99,4.24,49,2022-1,2026-12,2026-05-03,5.75,57.6,conveniencia
AMSTEL LATA 269ML,CERVEJA AMBEV,5.99,2.2811,12,2022-1,2023-11,2026-05-10,3.71,61.9,conveniencia
BRAHMA LATA 350ML,CERVEJA AMBEV,7.99,3.0575,1,2026-5,2026-5,2026-04-28,4.93,61.7,conveniencia
BRAHMA ZERO ALCOOL LATA 350ML,CERVEJA AMBEV,5.99,2.6456,9,2023-1,2026-11,2026-05-06,3.34,55.8,conveniencia
BUDWEISER LATA 269ML,CERVEJA AMBEV,6.99,2.9054,35,2022-1,2025-12,2026-05-06,4.08,58.4,conveniencia
HEINEKEN PURO MALTE RETORNAVEL 330ML,CERVEJA AMBEV,12.99,6.0223,48,2022-1,2026-12,2025-12-21,6.97,53.7,conveniencia
SKOL BEATS CAIPIRINHA 269ML,CERVEJA AMBEV,12.99,5.4234,33,2022-1,2026-12,2025-12-16,7.57,58.3,conveniencia
SKOL BEATS MISTA GREEN MIX 269ML,CERVEJA AMBEV,12.99,5.31,47,2022-1,2026-12,2026-05-09,7.68,59.1,conveniencia
SKOL BEATS RED MIX 269ML,CERVEJA AMBEV,10.99,0.0,39,2022-1,2026-12,2026-03-24,10.99,100.0,conveniencia
SKOL BEATS RED MIX SABOR FRUTAS VERMELHAS 269ML,CERVEJA AMBEV,15.99,6.535,45,2022-1,2026-12,2026-02-06,9.45,59.1,conveniencia
SKOL BEATS SENSES LATA 269ML,CERVEJA AMBEV,12.99,4.6412,20,2022-1,2026-10,2026-04-12,8.35,64.3,conveniencia
SKOL BEATS SENSES LONG NECK 269ML,CERVEJA AMBEV,15.99,5.8558,45,2022-1,2026-12,2026-01-09,10.13,63.4,conveniencia
SKOL BEATS TROPICAL LONG NECK 269ML,CERVEJA AMBEV,15.99,6.7,42,2022-1,2026-12,2026-04-24,9.29,58.1,conveniencia
SKOL LATA 473ML,CERVEJA AMBEV,7.99,3.0382,2,2025-2,2025-3,2026-05-09,4.95,62.0,conveniencia
STELLA ARTOIS LONG NECK 330ML,CERVEJA AMBEV,10.99,5.3726,15,2022-1,2024-11,2026-05-10,5.62,51.1,conveniencia
BADEN BADEN CRISTAL PILSEN 350ML,CERVEJA ESPECIAIS,9.99,4.5469,37,2022-1,2026-12,2026-04-25,5.44,54.5,conveniencia
CERVEJA ANTARCTICA ORIGINAL 269ML,CERVEJA ESPECIAIS,6.99,3.1561,9,2022-2,2022-10,2026-05-10,3.83,54.8,conveniencia
CERVEJA BADEN PEACH SLEEK 350ML,CERVEJA ESPECIAIS,9.99,4.6533,45,2022-1,2026-12,2026-03-31,5.34,53.5,conveniencia
CERVEJA CORONA EXTRA 350ML,CERVEJA ESPECIAIS,8.99,4.3644,33,2022-1,2026-12,2026-04-05,4.63,51.5,conveniencia
CERVEJA DUPLO MALTE BRAHMA 269ML,CERVEJA ESPECIAIS,5.99,2.8123,6,2022-2,2026-6,2026-04-30,3.18,53.1,conveniencia
CERVEJA HEINEKEN SLEEKDES LATA ZERO 350ML,CERVEJA ESPECIAIS,9.99,4.7645,38,2022-1,2025-12,2026-05-09,5.23,52.4,conveniencia
CERVEJA IMPERIO PILSEN HELLES 330ML,CERVEJA ESPECIAIS,7.99,3.9067,44,2022-1,2026-12,2026-04-25,4.08,51.1,conveniencia
CERVEJA IMPERIO PILSEN LATA 269ML,CERVEJA ESPECIAIS,4.99,2.3992,5,2022-2,2022-6,2026-05-06,2.59,51.9,conveniencia
CERVEJA IMPERIO PILSEN LATA 473ML,CERVEJA ESPECIAIS,7.99,3.75,40,2022-1,2025-12,2026-05-09,4.24,53.1,conveniencia
CERVEJA IMPERIO PURO MALTE ZERO ALCOOL 330ML,CERVEJA ESPECIAIS,8.99,4.2492,45,2022-1,2026-12,2026-05-06,4.74,52.7,conveniencia
CERVEJA PETRA PURO MALTE 269ML,CERVEJA ESPECIAIS,5.99,2.6009,28,2022-1,2024-12,2026-05-10,3.39,56.6,conveniencia
CERVEJA PETRA PURO MALTE 330ML,CERVEJA ESPECIAIS,8.99,4.0613,32,2022-1,2026-12,2026-04-07,4.93,54.8,conveniencia
CERVEJA PRAYA LAGER PURO MALTE 330ML,CERVEJA ESPECIAIS,10.99,4.6308,49,2022-1,2026-12,2026-05-03,6.36,57.9,conveniencia
CERVEJA SKOL LATA 350ML,CERVEJA ESPECIAIS,5.99,2.8589,46,2022-1,2026-12,2025-03-08,3.13,52.3,conveniencia
CERVEJA SKOL LATA ZERO 350ML,CERVEJA ESPECIAIS,6.99,3.3133,51,2022-1,2026-12,,3.68,52.6,conveniencia
CERVEJA SPATEN 269ML,CERVEJA ESPECIAIS,6.99,3.0355,15,2022-1,2023-11,2026-05-06,3.95,56.5,conveniencia
CERVEJA SPATEN PURO MALTE 330ML,CERVEJA ESPECIAIS,9.99,4.6452,33,2022-1,2024-12,2026-05-10,5.34,53.5,conveniencia
AMSTEL LATA 350ML,CERVEJA FEMSA,5.99,2.8224,40,2022-1,2026-12,2023-12-20,3.17,52.9,conveniencia
AMSTEL LONG NECK 355ML,CERVEJA FEMSA,7.99,3.8346,38,2022-1,2025-12,2026-05-02,4.16,52.1,conveniencia
CERVEJA AMSTEL LAGER 350ML,CERVEJA FEMSA,7.99,3.2622,20,2022-1,2023-11,2026-05-01,4.73,59.2,conveniencia
"HEINEKEN 0,0% 268ML",CERVEJA FEMSA,7.99,3.7562,34,2022-1,2025-12,2026-05-03,4.23,52.9,conveniencia
HEINEKEN LATA 269ML,CERVEJA FEMSA,7.99,3.7354,13,2022-1,2023-11,2026-05-10,4.25,53.2,conveniencia
HEINEKEN LATA LAGER 350ML,CERVEJA FEMSA,11.99,4.7167,19,2022-1,2023-11,2026-05-10,7.27,60.6,conveniencia
HEINEKEN LONG NECK SEM ALCOOL 330ML,CERVEJA FEMSA,12.99,12.0442,2,2022-1,2023-11,2026-05-09,0.95,7.3,conveniencia
ITAIPAVA GO DRAFT LONG 330ML,CERVEJA ITAIPAVA,9.99,4.6475,49,2022-1,2026-12,2023-11-04,5.34,53.5,conveniencia
CHICLE ARCOR HUEVITOS TORTUGUITA 300G,CHICLETE,3.99,1.4058,14,2022-1,2025-11,2026-05-08,2.58,64.7,conveniencia
CHICLE FINI MONO CLASSICOS 14G,CHICLETE,2.49,1.0043,14,2022-1,2023-11,2026-05-10,1.49,59.8,conveniencia
CHICLE FINI SALADA DE FRUTA 14G,CHICLETE,2.49,1.0778,14,2022-1,2024-12,2026-05-02,1.41,56.6,conveniencia
GOMA DE MASCAR SPEARMINT TRIDENT X SENSES POTE 54G 28 UNIDADES,CHICLETE,22.99,7.8167,34,2022-1,2026-12,2026-04-19,15.17,66.0,conveniencia
"TRIDENT BLUEBERRY 25,2GR",CHICLETE,13.99,4.9517,15,2022-1,2026-11,2026-04-24,9.04,64.6,conveniencia
"TRIDENT GAMERS ACID BERRY 48,3G",CHICLETE,22.99,9.15,48,2022-1,2026-12,2026-03-14,13.84,60.2,conveniencia
"TRIDENT GAMERS CITRUS MAX SEM ACUCAR 48,3G",CHICLETE,22.99,8.6583,46,2022-1,2026-12,2026-04-10,14.33,62.3,conveniencia
"TRIDENT MELANCIA 14UN 25,2GR",CHICLETE,13.99,4.9958,29,2022-1,2026-12,2025-12-01,8.99,64.3,conveniencia
"TRIDENT MENTA 14UN 25,2GR",CHICLETE,13.99,4.9958,3,2024-6,2024-8,2026-05-08,8.99,64.3,conveniencia
TRIDENT X SENSES MELANCIA MINT 28UN,CHICLETE,22.99,8.6583,35,2022-1,2026-12,2025-12-06,14.33,62.3,conveniencia
"TRIDENT XFRESH INTENSE 26,6GR",CHICLETE,13.99,4.9958,1,2023-7,2023-7,2026-05-10,8.99,64.3,conveniencia
TRIDENT XSENSES MORANGO LIME 54G,CHICLETE,22.99,9.15,40,2022-1,2026-12,2025-12-17,13.84,60.2,conveniencia
TRIDENT XSENSES PEPPERMINT ZERO POTE 54G,CHICLETE,22.99,8.869,40,2022-1,2026-12,2026-03-26,14.12,61.4,conveniencia
"CHOCOLATE ARCOR TORTUGUITA 11,5G",CHOCOLATE ARCOR,2.99,1.2634,36,2022-1,2026-12,2026-04-26,1.73,57.9,conveniencia
SNICKERS BRANCO 42G,CHOCOLATE ARCOR,7.99,3.2091,38,2022-1,2026-12,2026-03-24,4.78,59.8,conveniencia
"TORTUGUITA BAUNILHA 15,5GR ARCOR",CHOCOLATE ARCOR,2.99,1.2104,7,2022-2,2022-8,2026-05-05,1.78,59.5,conveniencia
"TORTUGUITA BRANCA RECHEIO CHOCOLATE 15,5G",CHOCOLATE ARCOR,2.99,1.2621,8,2022-2,2026-8,2026-04-29,1.73,57.9,conveniencia
BOMBOM ARCOR BLOCK 38G,CHOCOLATE DIVERSOS,6.99,3.0255,48,2022-1,2026-12,2026-05-10,3.96,56.7,conveniencia
CHOCOLATE BIS LACTA,CHOCOLATE DIVERSOS,14.99,5.9916,29,2022-1,2026-12,2026-05-09,9.0,60.0,conveniencia
CHOCOLATE CARIBE CANDYBAR 28G,CHOCOLATE DIVERSOS,5.99,2.4116,18,2022-1,2026-11,2026-03-10,3.58,59.8,conveniencia
CHOCOLATE TORTUGUITA BRIGADEIRO 15.5G,CHOCOLATE DIVERSOS,2.99,1.2257,7,2022-2,2022-8,2026-05-08,1.76,58.9,conveniencia
LACTA BIS LIMAO 100G,CHOCOLATE DIVERSOS,14.99,5.65,40,2022-1,2026-12,2026-04-13,9.34,62.3,conveniencia
PECCIN TRENTO BITES PTORTA DE LIMAO 40G,CHOCOLATE DIVERSOS,9.99,4.2683,33,2022-1,2026-12,2026-05-09,5.72,57.3,conveniencia
PECCIN TRENTO CHOCOLATE 29G,CHOCOLATE DIVERSOS,5.99,1.3317,42,2022-1,2025-12,2026-05-09,4.66,77.8,conveniencia
PECCIN TRENTO MINI 40G,CHOCOLATE DIVERSOS,9.99,4.2767,28,2022-1,2025-12,2026-05-06,5.71,57.2,conveniencia
PECCIN TRENTO MOUSSE DE MARACUJA 29G,CHOCOLATE DIVERSOS,5.99,2.395,39,2022-1,2025-12,2026-05-07,3.6,60.1,conveniencia
PECCIN TRENTO TORTA DE LIMAO 29G,CHOCOLATE DIVERSOS,5.99,2.3969,44,2022-1,2025-12,2026-05-08,3.59,59.9,conveniencia
TRENTO PISTACHE 29G,CHOCOLATE DIVERSOS,5.99,2.3975,47,2022-1,2026-12,2026-05-08,3.59,59.9,conveniencia
FERRERO ROCHER 3UN,CHOCOLATE FERRERO,14.99,8.4269,9,2022-2,2026-9,2026-04-28,6.56,43.8,conveniencia
FERRERO ROCHER RAFFAELLO 3UN,CHOCOLATE FERRERO,13.99,7.9987,10,2022-2,2025-12,2026-05-09,5.99,42.8,conveniencia
FERRERO ROCHER T8 100G,CHOCOLATE FERRERO,35.99,21.0654,25,2022-1,2026-11,2026-01-24,14.92,41.5,conveniencia
KINDER OVO MENINA,CHOCOLATE FERRERO,18.99,8.1215,3,2025-5,2026-12,2026-04-12,10.87,57.2,conveniencia
KINDER OVO MENINO,CHOCOLATE FERRERO,18.99,8.128,6,2024-2,2024-8,2026-05-10,10.86,57.2,conveniencia
KINDER TRONKY T1X10X4 18G,CHOCOLATE FERRERO,8.99,3.7822,28,2022-1,2026-12,2026-04-24,5.21,58.0,conveniencia
BATON AO LEITE BRANCO 16G,CHOCOLATE GAROTO,3.99,1.3919,1,2022-2,2022-2,2026-05-10,2.6,65.2,conveniencia
BOMBOM SERENATA DE AMOR 19G,CHOCOLATE GAROTO,2.99,0.956,46,2022-1,2025-12,2026-05-04,2.03,67.9,conveniencia
CAIXA DE BOMBONS SORTIDOS GAROTO 20% GRATIS 250G,CHOCOLATE GAROTO,24.99,14.2886,48,2022-1,2026-12,2026-02-28,10.7,42.8,conveniencia
CAIXA DE BOMBONS SORTIDOS GAROTO 220G,CHOCOLATE GAROTO,26.99,15.905,50,2022-1,2026-12,2026-03-26,11.08,41.1,conveniencia
CHOCOLATE GAROTO AMENDOIM CROCANTE 25G 2UN,CHOCOLATE GAROTO,5.99,2.4378,34,2022-1,2025-12,2026-05-08,3.55,59.3,conveniencia
GAROTO TALENTO AMEND/UVA PASSA 25G,CHOCOLATE GAROTO,6.99,2.85,41,2022-1,2025-12,2026-05-03,4.14,59.2,conveniencia
GAROTO TALENTO AVELAS 25GR,CHOCOLATE GAROTO,6.99,2.3748,42,2022-1,2025-12,2026-05-10,4.62,66.1,conveniencia
"CAIXA DE BOMBONS LACTA FAVORITOS 250,6G",CHOCOLATE LACTA,22.99,16.99,37,2022-1,2026-12,2026-04-26,6.0,26.1,conveniencia
CHOCOLATE DIAMANTE NEGRO 80G,CHOCOLATE LACTA,16.99,7.4361,14,2022-1,2026-11,2026-04-29,9.55,56.2,conveniencia
CHOCOLATE LACTA LAKA 80G,CHOCOLATE LACTA,16.99,7.5615,10,2022-2,2023-11,2026-05-02,9.43,55.5,conveniencia
CHOCOLATE LACTA SHOT 80G,CHOCOLATE LACTA,16.99,7.4499,14,2022-1,2025-11,2026-05-08,9.54,56.2,conveniencia
LACTA 5 STAR 40GR,CHOCOLATE LACTA,7.99,3.1191,13,2022-1,2026-11,2026-04-27,4.87,61.0,conveniencia
LACTA AO LEITE 20GR,CHOCOLATE LACTA,4.99,2.1879,25,2023-1,2025-12,2026-05-09,2.8,56.1,conveniencia
LACTA AO LEITE 80G,CHOCOLATE LACTA,16.99,7.35,10,2022-2,2026-10,2026-04-20,9.64,56.7,conveniencia
"LACTA BIS LAKA FLOWPACK 100,8G",CHOCOLATE LACTA,14.99,5.7652,25,2022-1,2026-11,2026-03-09,9.22,61.5,conveniencia
LACTA BIS XTRA BRANCO 45G,CHOCOLATE LACTA,8.99,3.7695,40,2022-1,2026-12,2026-04-21,5.22,58.1,conveniencia
LACTA BIS XTRA LAKA 45GR AZUL,CHOCOLATE LACTA,8.99,3.5812,1,2025-1,2025-1,2026-05-02,5.41,60.2,conveniencia
LACTA DIAMANTE NEGRO 20GR,CHOCOLATE LACTA,4.99,2.1524,34,2023-1,2025-12,2026-05-05,2.84,56.9,conveniencia
LACTA LAKA 20GR,CHOCOLATE LACTA,4.99,2.195,35,2023-1,2025-12,2026-05-10,2.8,56.1,conveniencia
"LACTA OREO 20,1G",CHOCOLATE LACTA,2.99,1.1862,34,2022-1,2024-12,2026-05-10,1.8,60.2,conveniencia
MMS CHOCOLATE AO LEITE MINIS TUBO 30G,CHOCOLATE M&M (MARS),8.99,3.6584,16,2022-1,2023-11,2026-05-06,5.33,59.3,conveniencia
SNICKERS MARACUJA 42G,CHOCOLATE M&M (MARS),7.99,3.2599,28,2022-1,2024-12,2026-04-24,4.73,59.2,conveniencia
SNICKERS MORANGO 42G,CHOCOLATE M&M (MARS),7.99,3.2245,30,2022-1,2026-12,2026-05-08,4.77,59.7,conveniencia
SNICKERS PÉ DE MOLEQUE 42G,CHOCOLATE M&M (MARS),7.99,3.3948,24,2022-1,2026-12,2026-03-24,4.6,57.6,conveniencia
TWIX 15GR,CHOCOLATE M&M (MARS),2.99,1.0703,18,2022-1,2026-11,2026-04-24,1.92,64.2,conveniencia
TWIX 40G,CHOCOLATE M&M (MARS),7.99,3.3661,16,2022-1,2026-12,2026-05-09,4.62,57.8,conveniencia
CAIXA DE BOMBONS NESTLE ESPECIALIDADES 251G 15UN,CHOCOLATE NESTLE,23.99,14.0125,20,2022-1,2026-11,2026-04-23,9.98,41.6,conveniencia
NESTLE ALPINO COOKIE GOTAS CHOC 60G,CHOCOLATE NESTLE,5.99,2.595,15,2022-1,2026-12,2026-03-20,3.4,56.8,conveniencia
NESTLE CHARGE 40GR,CHOCOLATE NESTLE,5.99,2.213,35,2022-1,2025-12,2026-05-06,3.78,63.1,conveniencia
NESTLE CHOCOLATE CRUNCH 80G,CHOCOLATE NESTLE,17.99,6.6694,44,2022-1,2026-12,2026-01-14,11.32,62.9,conveniencia
"NESTLE KIT KAT BRANCO 41,5GR",CHOCOLATE NESTLE,7.99,3.4304,30,2022-1,2026-12,2026-05-08,4.56,57.1,conveniencia
"NESTLE KIT KAT CHURROS 41,5G",CHOCOLATE NESTLE,7.99,3.4217,45,2022-1,2026-12,2026-04-13,4.57,57.2,conveniencia
"NESTLE KIT KAT MINI MOMENTS CARAMEL 34,6G",CHOCOLATE NESTLE,8.99,3.955,21,2022-1,2026-11,2026-05-02,5.04,56.1,conveniencia
"NESTLE KIT KAT PAPAI EM PÓ 1,3KG",CHOCOLATE NESTLE,8.5,0.2096,51,2022-1,2026-12,,8.29,97.5,conveniencia
NESTLE LOLLO 28GR,CHOCOLATE NESTLE,5.99,2.3136,16,2022-1,2025-11,2026-05-10,3.68,61.4,conveniencia
NESTLE PRESTIGIO BANANA 33G,CHOCOLATE NESTLE,7.99,3.5867,48,2022-1,2026-12,2026-05-09,4.4,55.1,conveniencia
NESTLE PRESTIGIO DARK 33GR,CHOCOLATE NESTLE,5.99,2.4453,41,2022-1,2025-12,2026-05-06,3.54,59.1,conveniencia
CHA LEAO ICE TEA FUZE PESSEGO 450ML,CHÁ,6.99,3.2383,1,2025-7,2025-7,2026-05-09,3.75,53.6,conveniencia
CHA LEAO ICE TEA LIMAO 450ML,CHÁ,6.99,3.1731,3,2025-5,2025-8,2026-05-09,3.82,54.6,conveniencia
CHÁ VERDE LIMÃO LEÃO GARRAFA 450ML,CHÁ,6.99,3.0167,46,2022-1,2026-12,2025-09-25,3.97,56.8,conveniencia
LEAO GUARANA AÇAI 450ML,CHÁ,5.99,2.5933,1,2026-5,2026-5,2026-04-29,3.4,56.8,conveniencia
CIGARRO CAMEL RED DUNE,CIGARRILHAS,15.0,13.815,47,2022-1,2026-12,2026-05-09,1.19,7.9,conveniencia
FUZZY AÇAI COM LEITINHO 1.5 L,CONGELADOS,43.99,26.57,14,2023-1,2026-12,2026-04-30,17.42,39.6,conveniencia
BEBIDA ALCOOLICA CHILLI BEANS COSMOPOLITAN 310ML,DESTILADOS DIVERSOS,15.99,6.43,51,2022-1,2026-12,,9.56,59.8,conveniencia
BEBIDA ALCOOLICA CHILLI BEANS MOJITO 310ML,DESTILADOS DIVERSOS,15.99,6.43,50,2022-1,2026-12,2026-04-12,9.56,59.8,conveniencia
CAMPARI BITTER 900ML,DESTILADOS DIVERSOS,98.99,54.9,50,2022-1,2026-12,2025-10-04,44.09,44.5,conveniencia
GIN ETERNITY MAÇA VERDE 900ML,DESTILADOS DIVERSOS,35.99,19.99,50,2022-1,2026-12,2024-04-14,16.0,44.5,conveniencia
GIN ETERNITY WATERMELON 900ML,DESTILADOS DIVERSOS,35.99,19.99,50,2022-1,2026-12,2024-05-01,16.0,44.5,conveniencia
GIN ROCK´S SICILIAN LEMON 1L,DESTILADOS DIVERSOS,44.99,26.47,50,2022-1,2026-12,2024-02-17,18.52,41.2,conveniencia
READYGIN MORANGO 275ML,DESTILADOS DIVERSOS,13.99,5.59,49,2022-1,2026-12,2025-07-29,8.4,60.0,conveniencia
SCHWEPPES MIXED GIN TONICA 269ML,DESTILADOS DIVERSOS,9.99,4.54,51,2022-1,2026-12,,5.45,54.6,conveniencia
AMANDITA 200GR,DOCES DIVERSOS,22.99,16.26,27,2022-1,2026-12,2026-01-27,6.73,29.3,conveniencia
AVARE PINGO DE LEITE 10G,DOCES DIVERSOS,2.99,0.9668,28,2022-1,2024-12,2026-05-09,2.02,67.6,conveniencia
BALA FINI GELATINA BANANAS 100GR,DOCES DIVERSOS,10.99,4.8528,1,2025-7,2025-7,2026-05-10,6.14,55.9,conveniencia
BALA FINI GELATINA DENTADURA 100GR,DOCES DIVERSOS,10.99,4.8933,1,2024-3,2024-3,2026-05-04,6.1,55.5,conveniencia
BALA FINI GELATINA MINHOCA BRILHO 90GR,DOCES DIVERSOS,10.99,4.8933,4,2022-1,2026-5,2026-04-22,6.1,55.5,conveniencia
COCADA BRANCA CABANA BRASIL SEM ACUCAR 40G,DOCES DIVERSOS,4.99,2.066,50,2022-1,2026-12,2026-05-04,2.92,58.5,conveniencia
COCADA BRANCA DE MINAS ZERO 40G,DOCES DIVERSOS,4.99,2.066,46,2022-1,2026-12,2026-05-06,2.92,58.5,conveniencia
COCADA MORENA ZERO ACUCAR 40G,DOCES DIVERSOS,4.99,2.066,51,2022-1,2026-12,,2.92,58.5,conveniencia
DOCE DE LEITE VIEIRA BEIJO DE LEITE 23G,DOCES DIVERSOS,3.99,1.0363,35,2022-1,2026-12,2026-01-18,2.95,73.9,conveniencia
"DOCE PE DE MOCA MOCOFORTE 50,5G",DOCES DIVERSOS,4.99,1.945,49,2022-1,2026-12,2026-05-06,3.04,60.9,conveniencia
DOCES VIEIRA CHOCO BEIJO 23G,DOCES DIVERSOS,3.99,1.6238,42,2022-1,2026-12,2026-04-26,2.37,59.4,conveniencia
DOCES VIEIRA CHURRITOS 23G,DOCES DIVERSOS,2.99,1.3659,44,2022-1,2026-12,2026-04-27,1.62,54.2,conveniencia
MARSHMALLOW DOCILE TWIST AZUL E BRANCO 250G,DOCES DIVERSOS,16.99,7.4,49,2022-1,2026-12,2026-03-20,9.59,56.4,conveniencia
MARSHMALLOW DOCILE TWIST COLOR 250G,DOCES DIVERSOS,16.99,7.4,39,2022-1,2026-12,2026-03-12,9.59,56.4,conveniencia
PACOCA ARTESANALSP PREMIUM 60G,DOCES DIVERSOS,4.99,1.7703,28,2022-1,2024-12,2026-05-09,3.22,64.5,conveniencia
PAÇOCA AMOR ARCOR 18G,DOCES DIVERSOS,1.99,0.6458,47,2022-1,2026-12,2025-12-17,1.34,67.3,conveniencia
PAÇOCA PREMIUM ARTESANAL 60G,DOCES DIVERSOS,4.99,1.9495,39,2022-1,2025-12,2026-05-08,3.04,60.9,conveniencia
PAÇOCA S.H PAÇOQUITA 18G,DOCES DIVERSOS,1.99,0.1521,17,2022-1,2026-11,2026-03-28,1.84,92.5,conveniencia
PAÇOCA S.H PAÇOQUITA 20G,DOCES DIVERSOS,1.99,0.5798,18,2022-1,2026-12,2026-03-29,1.41,70.9,conveniencia
PAÇOCA S.H PAÇOQUITA ORIGINAL 20G,DOCES DIVERSOS,1.99,0.5828,49,2022-1,2026-12,2026-04-13,1.41,70.9,conveniencia
PICOLE PIRACANJUBA PRO FORCE COCO C/CHOCOLATE BRANCO 75G,DOCES DIVERSOS,16.75,10.778,50,2022-1,2026-12,2026-04-04,5.97,35.6,conveniencia
PINGO BEL DOCE COM LEITE 50G,DOCES DIVERSOS,4.99,2.1429,48,2022-1,2026-12,2026-05-08,2.85,57.1,conveniencia
PINGO DE OURO ELMA CHIPS BACON 76G,DOCES DIVERSOS,9.99,4.6875,49,2022-1,2026-12,2026-05-07,5.3,53.1,conveniencia
RAPADURINHA DE MINAS 25G,DOCES DIVERSOS,2.99,0.9164,47,2022-1,2026-12,2026-05-08,2.07,69.2,conveniencia
ROCKS OVOMALTINE 40G,DOCES DIVERSOS,8.99,3.75,38,2022-1,2026-12,2025-12-26,5.24,58.3,conveniencia
SABORES DO COCO COCADA BRANCA 40G,DOCES DIVERSOS,4.99,2.063,29,2022-1,2026-12,2026-04-20,2.93,58.7,conveniencia
SABORES DO COCO COCADA MORENA 40G,DOCES DIVERSOS,4.99,2.0532,31,2022-1,2026-12,2026-04-23,2.94,58.9,conveniencia
SUSPIRO CASEIRO KE DELICIA 50G,DOCES DIVERSOS,6.99,2.598,48,2022-1,2026-12,2026-04-11,4.39,62.8,conveniencia
TORRONE AMENDOIM AMOR 25G,DOCES DIVERSOS,1.99,0.935,34,2022-1,2026-12,2026-05-08,1.06,53.3,conveniencia
ENERGETICO FUSION 1LT,ENERGÉTICO,17.99,6.2167,15,2022-1,2026-12,2025-04-26,11.77,65.4,conveniencia
ENERGETICO MONSTER ULTRA 473ML,ENERGÉTICO,17.99,7.4524,24,2022-1,2024-12,2026-05-10,10.54,58.6,conveniencia
ENERGETICO MONSTER ULTRA FIESTA MANGO 473ML,ENERGÉTICO,17.99,7.3713,37,2022-1,2025-12,2026-05-10,10.62,59.0,conveniencia
ENERGETICO MONSTER ULTRA PEACHY KEEN ZERO 473ML,ENERGÉTICO,17.99,7.3987,36,2022-1,2025-12,2026-05-09,10.59,58.9,conveniencia
ENERGETICO MONSTER ZERO SUGAR 473ML,ENERGÉTICO,17.99,7.4567,33,2022-1,2025-12,2026-05-10,10.53,58.5,conveniencia
ENERGETICO RED BULL POMELO SUGARFREE 250ML,ENERGÉTICO,17.99,7.4238,39,2022-1,2025-12,2026-05-10,10.57,58.8,conveniencia
ENERGETICO RED BULL SUGGAR FREE 250ML,ENERGÉTICO,17.99,7.5082,30,2022-1,2024-12,2026-05-07,10.48,58.3,conveniencia
ENERGETICO RED BULL THE TROPICAL EDITION 250ML,ENERGÉTICO,17.99,7.49,1,2025-4,2025-4,2026-05-08,10.5,58.4,conveniencia
ENERGETICO TNT AÇAI C/ GUARANA 473ML,ENERGÉTICO,17.99,7.2095,31,2022-1,2026-12,2026-04-30,10.78,59.9,conveniencia
ENERGETICO TNT ENERGY DRINK ZERO 269ML,ENERGÉTICO,13.99,5.915,35,2022-1,2026-12,2026-04-03,8.07,57.7,conveniencia
ENERGETICO TNT JUICE MANGO SUMMER 269ML,ENERGÉTICO,13.99,5.8553,26,2022-1,2025-12,2026-05-02,8.13,58.1,conveniencia
ENERGETICO TNT MACA VERDE ZERO 269ML,ENERGÉTICO,13.99,5.7781,33,2022-1,2026-12,2026-04-18,8.21,58.7,conveniencia
ENERGÉTICO TNT JUICE MANGO 473ML,ENERGÉTICO,16.99,7.215,18,2022-1,2026-11,2026-05-02,9.77,57.5,conveniencia
MONSTER ENERGY ULTRA VIOLET 473ML,ENERGÉTICO,17.99,7.4567,16,2022-1,2023-11,2026-05-03,10.53,58.5,conveniencia
MONSTER ULTRA WATERMELON 473 ML,ENERGÉTICO,17.99,7.452,46,2022-1,2025-12,2026-05-09,10.54,58.6,conveniencia
TNT MAÇA VERDE ZERO AÇUCAR 473 ML,ENERGÉTICO,16.99,7.215,23,2022-1,2026-12,2026-05-04,9.77,57.5,conveniencia
ALCOOL EM GEL PARA MAOS GIOVANNA BABY 500ML,HIGIENE PESSOAL,5.99,1.89,51,2022-1,2026-12,,4.1,68.4,conveniencia
APARELHO DE BARBEAR BOZZANO CONFORT UN,HIGIENE PESSOAL,5.99,3.8046,44,2022-1,2026-12,2026-03-05,2.19,36.6,conveniencia
CURATIVO ISABABY TRADICIONAL,HIGIENE PESSOAL,5.99,2.57,39,2022-1,2026-12,2025-12-28,3.42,57.1,conveniencia
HIDRATANTE LABIAL CARMED FINI BEIJOS GLITTER 10G,HIGIENE PESSOAL,29.99,15.54,51,2022-1,2026-12,,14.45,48.2,conveniencia
KIT VIAGEM AZUL DENTIL150GR,HIGIENE PESSOAL,25.99,12.85,51,2022-1,2026-12,,13.14,50.6,conveniencia
PRESERVATIVO OLLA 3UN,HIGIENE PESSOAL,9.99,6.7775,44,2022-1,2026-12,2022-11-14,3.21,32.1,conveniencia
PRESERVATIVO SUPRA CLASSICO 3UN,HIGIENE PESSOAL,5.99,2.3814,17,2022-1,2026-11,2026-04-19,3.61,60.3,conveniencia
PRESERVATIVO SUPRA SENSITIVE 3UN,HIGIENE PESSOAL,9.99,2.4924,26,2022-1,2026-12,2026-04-19,7.5,75.1,conveniencia
IOGURTE DANONE MORANGO 170GR,IOGURTE,6.99,3.14,38,2022-1,2026-12,2026-03-05,3.85,55.1,conveniencia
GATORADE BERRY BLUE 500ML,ISOTÔNICO,11.99,4.5315,27,2022-1,2024-12,2026-05-06,7.46,62.2,conveniencia
GATORADE FRUTAS CITRICAS 500ML,ISOTÔNICO,11.99,4.5864,14,2022-3,2026-12,2026-04-26,7.4,61.7,conveniencia
GATORADE LARANJA 500ML,ISOTÔNICO,11.99,4.6922,1,2024-6,2024-6,2026-05-09,7.3,60.9,conveniencia
GATORADE LIMAO 500ML,ISOTÔNICO,11.99,4.6929,6,2024-5,2024-10,2026-05-10,7.3,60.9,conveniencia
GATORADE MARACUJÁ 500ML,ISOTÔNICO,11.99,4.6933,14,2024-1,2026-10,2025-12-01,7.3,60.9,conveniencia
GATORADE MORANGO MARACUJA 500ML,ISOTÔNICO,11.99,4.6933,8,2024-1,2026-12,2026-04-29,7.3,60.9,conveniencia
GATORADE TANGERINA 500ML,ISOTÔNICO,11.99,4.6933,9,2024-2,2026-11,2026-01-16,7.3,60.9,conveniencia
GATORADE UVA 500ML,ISOTÔNICO,11.99,4.2534,9,2024-2,2026-11,2026-04-29,7.74,64.6,conveniencia
POWERADE FRUTAS TROPICAIS SQUEEZE 500ML,ISOTÔNICO,8.99,3.7256,9,2022-2,2026-8,2026-04-25,5.26,58.5,conveniencia
POWERADE LARANJA SQUEEZE 500ML,ISOTÔNICO,8.99,3.7084,7,2022-2,2022-8,2026-05-06,5.28,58.7,conveniencia
POWERADE LIMAO SQUEEZE 500ML,ISOTÔNICO,8.99,3.6586,9,2022-2,2025-10,2026-05-02,5.33,59.3,conveniencia
POWERADE MOUNTAIN BLAST 500ML,ISOTÔNICO,8.99,3.7642,16,2022-1,2026-11,2026-04-27,5.23,58.2,conveniencia
POWERADE SOUR MACA VERDE 500ML,ISOTÔNICO,8.99,3.5517,48,2022-1,2026-12,2025-12-02,5.44,60.5,conveniencia
POWERADE TANGERINA 500ML,ISOTÔNICO,8.99,3.5517,47,2022-1,2026-12,2026-03-20,5.44,60.5,conveniencia
POWERADE UVA 500ML,ISOTÔNICO,8.99,3.7022,17,2022-1,2023-11,2026-05-04,5.29,58.8,conveniencia
ISQUEIRO BIC,ISQUEIROS,6.99,4.7518,18,2022-1,2023-11,2026-05-06,2.24,32.0,conveniencia
ISQUEIRO BIC GRANDE,ISQUEIROS,7.99,5.49,21,2022-1,2024-12,2026-05-10,2.5,31.3,conveniencia
ISQUEIRO BIC MAXI BERCO BLISTER UN,ISQUEIROS,7.99,4.84,51,2022-1,2026-12,,3.15,39.4,conveniencia
ISQUEIRO CLIPPER MAXI GRAFITE,ISQUEIROS,7.99,2.2224,42,2022-1,2025-12,2026-05-09,5.77,72.2,conveniencia
ISQUEIRO CLIPPER MINI LISO UN,ISQUEIROS,3.99,1.9241,45,2022-1,2026-12,2026-02-22,2.07,51.9,conveniencia
CAMEL DOUBLE MELANCIA,JTI,15.0,13.815,4,2025-3,2026-12,2026-02-12,1.19,7.9,conveniencia
CAMEL DOUBLE MINT E PURPLE,JTI,15.0,13.5769,9,2025-1,2026-12,2025-08-06,1.42,9.5,conveniencia
CAMEL FILTERS,JTI,11.25,5.0426,3,2022-3,2022-5,2026-05-08,6.21,55.2,conveniencia
CAMEL MENTHOL BOX,JTI,16.0,14.6408,42,2022-1,2025-12,2026-05-10,1.36,8.5,conveniencia
CAMEL PURPLE BEACH BOX,JTI,15.0,13.8139,41,2022-1,2025-12,2026-05-09,1.19,7.9,conveniencia
CAMEL YELLOW TROPICAL,JTI,15.0,13.815,46,2022-1,2025-12,2026-05-09,1.18,7.9,conveniencia
CIGARRO CAMEL KRETEK BERRY,JTI,16.0,14.6299,37,2022-1,2025-12,2026-05-10,1.37,8.6,conveniencia
CIGARRO INDONESIA KRETEK CAMEL OPTION,JTI,16.0,13.905,32,2022-1,2026-12,2025-07-27,2.1,13.1,conveniencia
CIGARRO LM FIRST CUT GREY BOX,JTI,7.75,7.156,38,2022-1,2025-12,2026-05-09,0.59,7.6,conveniencia
DJARUM BLACK ICE BOX,JTI,20.5,18.9185,45,2022-1,2026-12,2026-05-06,1.58,7.7,conveniencia
DJARUM BLACK KRETEK MENTOL,JTI,20.5,18.5331,1,2025-8,2025-8,2026-05-07,1.97,9.6,conveniencia
WINSTON BLUE BOX HAND SELECTED,JTI,8.0,5.4417,5,2022-2,2022-6,2026-05-10,2.56,32.0,conveniencia
WINSTON CLASSIC HAND SELECTED,JTI,8.0,7.368,4,2022-2,2022-5,2026-05-10,0.63,7.9,conveniencia
WINSTON DOUBLE MINT BOX,JTI,12.25,11.1858,15,2023-1,2024-12,2026-04-30,1.06,8.7,conveniencia
WINSTON RED 8 BOX,JTI,9.25,8.5192,3,2025-3,2025-5,2026-05-09,0.73,7.9,conveniencia
WINSTON SILVER,JTI,9.25,8.5193,28,2022-1,2025-12,2026-05-03,0.73,7.9,conveniencia
WINSTON X STYLE BLUE,JTI,9.0,8.4781,37,2022-1,2026-12,2026-05-04,0.52,5.8,conveniencia
WINSTON X STYLE RED,JTI,9.0,8.506,37,2022-1,2025-12,2026-05-03,0.49,5.4,conveniencia
"BALA MENTOS FRUIT 37,5G",MENTOS,4.99,1.7743,44,2022-1,2026-12,2026-05-10,3.22,64.5,conveniencia
"BALA MENTOS FRUTAS VERMELHAS 37,5G",MENTOS,4.99,1.8955,22,2022-1,2023-12,2026-05-09,3.09,61.9,conveniencia
"BALA MENTOS MINT 37,5G",MENTOS,4.99,1.8022,29,2022-1,2024-12,2026-05-06,3.19,63.9,conveniencia
"BALA MENTOS MINT 37,5GR",MENTOS,4.99,2.1288,5,2025-2,2025-12,2026-05-08,2.86,57.3,conveniencia
"BALA MENTOS RAINBOW 37,5G",MENTOS,4.99,2.5496,15,2022-1,2023-11,2026-05-06,2.44,48.9,conveniencia
"BALA MENTOS RAINBOW 37,5GR",MENTOS,4.99,2.0996,16,2022-1,2026-12,2026-04-22,2.89,57.9,conveniencia
"BALA MENTOS STK TUTTI FRUTTI 37,5G",MENTOS,4.99,2.1288,51,2022-1,2026-12,,2.86,57.3,conveniencia
"BALA MENTOS TUTTI FRUTTI 37,5G",MENTOS,4.99,1.8657,21,2022-1,2026-12,2026-04-21,3.12,62.5,conveniencia
MENTOS KISS MINT 35GR,MENTOS,19.99,8.612,36,2022-1,2026-12,2026-05-06,11.38,56.9,conveniencia
MENTOS KISS MORANGO 35GR,MENTOS,18.99,8.3867,35,2022-1,2026-12,2026-05-02,10.6,55.8,conveniencia
MENTOS KISS TUTTI FRUTTI E MENTA 35G,MENTOS,18.99,8.1908,49,2022-1,2026-12,2026-05-06,10.8,56.9,conveniencia
MENTOS KISS XTREME FROZEN 35GR,MENTOS,19.99,8.7022,35,2022-1,2026-12,2026-05-06,11.29,56.5,conveniencia
MENTOS PURE FRESH AZUL GARRAFA 56GR,MENTOS,19.99,9.6467,6,2022-1,2024-12,2026-05-07,10.34,51.7,conveniencia
MENTOS PURE FRESH MORANGO GARRAFA 56G,MENTOS,19.99,9.6467,48,2022-1,2026-12,2026-04-27,10.34,51.7,conveniencia
MENTOS PURE FRESH WINTERGREEN GARRAFA 56GR,MENTOS,19.99,9.569,5,2023-1,2025-11,2026-05-09,10.42,52.1,conveniencia
MENTOS UP2U GARRAFA TUTTI FRUTTI 56GR,MENTOS,19.99,9.615,2,2022-5,2023-10,2026-05-07,10.37,51.9,conveniencia
ESPETO CHURRASCO CORDEIRO 40UN,MERCEARIA ALIMENTICIA,3.99,3.35,47,2022-1,2026-12,2024-11-22,0.64,16.0,conveniencia
SUPLEM ALIM CHILLI BEANS RELAX MACA VERDE 310ML,MERCEARIA ALIMENTICIA,16.99,7.6,48,2022-1,2026-12,2026-05-09,9.39,55.3,conveniencia
SUPLEMENTO ALIMENTAR CHILLI RELAX ACAI BERRY 310ML,MERCEARIA ALIMENTICIA,16.99,7.6,49,2022-1,2026-12,2026-05-07,9.39,55.3,conveniencia
SUPLEMENTO ALIMENTAR CHILLI RELAX COCO E ACAI 310ML,MERCEARIA ALIMENTICIA,16.99,7.6,50,2022-1,2026-12,2026-04-06,9.39,55.3,conveniencia
TOALHA DE PAPEL PICCOLA DONNA C/2,MERCEARIA MAT. LIMPEZA,3.99,3.1,48,2022-1,2026-12,2026-04-11,0.89,22.3,revisar
KIT KAT NESCAFÉ,NESCAFÉ BEBIDAS,8.5,5.2401,44,2022-1,2025-12,2026-05-03,3.26,38.4,conveniencia
CIABATTA MANIA FOODS CARNE SECA 155G,PADARIA,14.9,9.6,47,2022-1,2026-12,2026-02-04,5.3,35.6,conveniencia
CIABATTA MANIA FOODS FRANGO E BACON 170G,PADARIA,14.9,9.6,38,2022-1,2026-12,2026-02-02,5.3,35.6,conveniencia
CIABATTA MANIA FOODS PRESUNTO E QUEIJO 170G,PADARIA,14.9,9.4167,39,2022-1,2026-12,2026-01-10,5.48,36.8,conveniencia
COOKIES PIRAQUE CHOCOLATE 80G,PADARIA,5.99,3.12,48,2022-1,2026-12,2026-03-30,2.87,47.9,conveniencia
COOKIES PIRAQUE ORIGINAL 80G,PADARIA,5.99,3.12,45,2022-1,2026-12,2026-04-02,2.87,47.9,conveniencia
MINI PANETONE COM GOTAS DE CHOCOLATE BAUDUCCO 80G,PADARIA,7.99,4.72,47,2022-1,2026-12,2026-02-24,3.27,40.9,conveniencia
"BALA TIC TAC MENTA FRUTAS 14,5G",PASTILHAS,4.99,1.9286,21,2022-1,2023-11,2026-05-08,3.06,61.3,conveniencia
BALA TIC TAC MENTA FRUTAS 16G,PASTILHAS,4.99,2.0211,24,2022-1,2026-12,2026-04-26,2.97,59.5,conveniencia
GAROTO PASTILHA HORTELA 17GR,PASTILHAS,2.99,0.843,11,2022-1,2023-11,2026-05-09,2.15,71.9,conveniencia
"TIC TAC INCRIVEL DUPLA MORANGO 14,5G",PASTILHAS,4.99,2.0109,13,2022-1,2026-11,2026-05-08,2.98,59.7,conveniencia
TIC TAC LARANJA 16GR,PASTILHAS,4.99,2.0089,12,2022-1,2023-11,2026-05-09,2.98,59.7,conveniencia
TIC TAC MENTA 16GR,PASTILHAS,4.99,2.0209,12,2022-1,2023-11,2026-05-05,2.97,59.5,conveniencia
CHESTERFIELD REMIX BEATS,PHILIP MORRIS,10.5,9.695,14,2022-1,2023-11,2026-05-10,0.8,7.6,conveniencia
CHESTERFIELD REMIX BLOSSOM MINT BOX,PHILIP MORRIS,10.5,9.464,22,2022-1,2026-11,2025-12-22,1.04,9.9,conveniencia
CHESTERFIELD REMIX FRESH E MINT,PHILIP MORRIS,10.5,9.6921,29,2022-1,2024-12,2026-05-10,0.81,7.7,conveniencia
CHESTERFIELD TERRAS BRASILEIRAS AZUL FB KS RCB 20,PHILIP MORRIS,8.75,8.078,22,2022-1,2023-12,2026-05-10,0.67,7.7,conveniencia
CIGARRO HARMONY SLIMS,PHILIP MORRIS,12.75,11.541,46,2022-1,2026-12,2026-01-04,1.21,9.5,conveniencia
LM FIRST CUT BLUE,PHILIP MORRIS,7.75,7.156,1,2022-2,2022-2,2026-05-10,0.59,7.6,conveniencia
LM FIRST CUT RED,PHILIP MORRIS,7.75,7.156,19,2022-1,2023-11,2026-05-10,0.59,7.6,conveniencia
MARLBORO BLOSSOM FUSION BOX,PHILIP MORRIS,13.75,12.4536,41,2022-1,2026-12,2025-07-25,1.3,9.5,conveniencia
MARLBORO BLUE SELECTION BOX,PHILIP MORRIS,11.25,5.7569,46,2022-1,2025-12,2026-05-10,5.49,48.8,conveniencia
MARLBORO GOLD SELECTION MACO,PHILIP MORRIS,9.25,8.5408,47,2022-1,2026-12,2026-05-10,0.71,7.7,conveniencia
MARLBORO RED SELECTION MACO,PHILIP MORRIS,9.25,8.541,48,2022-1,2026-12,2026-05-10,0.71,7.7,conveniencia
PILHA RAYOVAC AA PALITO AMARELA C/4,PILHAS,7.99,2.84,16,2022-1,2025-12,2026-05-09,5.15,64.5,conveniencia
PILHA RAYOVAC AA PEQUENA TUBO UN,PILHAS,7.99,3.696,47,2022-1,2026-12,2025-11-01,4.29,53.7,conveniencia
PILHA RAYOVAC TUBO AAA PALITO 40UN,PILHAS,7.99,3.934,45,2022-1,2026-12,2026-05-09,4.06,50.8,conveniencia
PIPOCA DOCE CARAMELIZADA CLAC 50G,PIPOCA,5.99,2.2,47,2022-1,2026-12,2026-05-06,3.79,63.3,conveniencia
PIPOCA FORMIGAO 120G,PIPOCA,5.99,2.8936,35,2022-1,2026-12,2026-04-09,3.1,51.8,conveniencia
PIPOCA FORMIGAO 40G,PIPOCA,2.99,1.2167,41,2022-1,2025-12,2026-05-06,1.77,59.2,conveniencia
ANTARCTICA GUARANA 200ML,REFRIGERANTE,3.99,1.5342,22,2022-1,2023-12,2026-05-10,2.46,61.7,conveniencia
ANTARCTICA GUARANA 600ML,REFRIGERANTE,8.99,4.09,11,2023-1,2024-10,2026-05-10,4.9,54.5,conveniencia
ANTARCTICA GUARANA LATA 350ML,REFRIGERANTE,5.99,1.4929,21,2022-1,2024-12,2026-05-10,4.5,75.1,conveniencia
ANTARCTICA GUARANA ZERO 2LTS,REFRIGERANTE,16.99,8.241,45,2022-1,2025-12,2026-05-10,8.75,51.5,conveniencia
ANTARCTICA SODA 2LTS,REFRIGERANTE,16.99,7.5778,2,2024-8,2025-10,2026-05-10,9.41,55.4,conveniencia
ANTARCTICA TONICA LATA 350ML,REFRIGERANTE,6.99,2.9299,2,2023-1,2024-3,2026-05-09,4.06,58.1,conveniencia
COCA COLA + CAFEINA 220ML,REFRIGERANTE,4.99,2.0755,31,2022-1,2024-12,2026-05-07,2.91,58.3,conveniencia
COCA COLA 200ML,REFRIGERANTE,3.99,1.6242,49,2022-1,2026-12,2026-05-08,2.37,59.4,conveniencia
COCA COLA VIDRO 250ML,REFRIGERANTE,7.99,3.4308,23,2022-1,2024-12,2026-05-09,4.56,57.1,conveniencia
COCA COLA ZERO 2LTS,REFRIGERANTE,19.99,10.4833,32,2022-1,2024-12,2026-05-08,9.51,47.6,conveniencia
FANTA LARANJA 2LTS,REFRIGERANTE,17.99,8.8283,1,2025-3,2025-3,2026-05-01,9.16,50.9,conveniencia
FANTA LARANJA LATA 220ML,REFRIGERANTE,3.99,1.8867,30,2022-1,2024-12,2026-05-07,2.1,52.6,conveniencia
FANTA LARANJA LATA 350ML,REFRIGERANTE,6.99,3.0232,3,2024-2,2025-12,2026-05-07,3.97,56.8,conveniencia
FANTA MARACUJA LATA 350ML,REFRIGERANTE,6.99,2.0189,48,2022-1,2026-12,2026-05-07,4.97,71.1,conveniencia
FANTA UVA LATA 220ML,REFRIGERANTE,3.99,1.8867,30,2022-1,2024-12,2026-05-06,2.1,52.6,conveniencia
FANTA UVA LATA 350ML,REFRIGERANTE,6.99,3.0214,2,2025-3,2025-7,2026-05-10,3.97,56.8,conveniencia
ITUBAINA RETRO ORIGINAL LATA 350ML,REFRIGERANTE,5.99,2.4538,10,2022-2,2022-11,2026-05-08,3.54,59.1,conveniencia
ITUBAINA RETRO ORIGINAL LN 355ML,REFRIGERANTE,6.99,2.8583,11,2022-2,2023-11,2026-05-06,4.13,59.1,conveniencia
KUAT GUARANA LATA 220ML,REFRIGERANTE,3.99,1.9372,30,2022-1,2024-12,2026-05-05,2.05,51.4,conveniencia
PEPSI TWIST 200ML,REFRIGERANTE,3.99,1.4042,15,2022-1,2026-12,2026-05-06,2.59,64.9,conveniencia
REFRIGERANTE FYS GUARANA 350ML,REFRIGERANTE,4.99,0.0,49,2022-1,2026-12,2026-02-16,4.99,100.0,conveniencia
REFRIGERANTE SODA LIMONADA ANTARCTICA PET 200ML,REFRIGERANTE,3.99,0.6805,5,2022-1,2025-9,2026-04-25,3.31,83.0,conveniencia
REFRIGERANTE SUKITA LARANJA 200ML,REFRIGERANTE,3.99,1.3975,8,2022-1,2026-12,2026-05-08,2.59,64.9,conveniencia
REFRIGERANTE SUKITA TUBAINA PET 2L,REFRIGERANTE,13.99,5.9574,23,2022-1,2024-12,2026-05-10,8.03,57.4,conveniencia
REFRIGERANTE SUKITA UVA 200ML,REFRIGERANTE,3.99,1.4467,3,2022-2,2024-12,2026-05-09,2.54,63.7,conveniencia
"SCHWEPPS CITRUS 1,5LT",REFRIGERANTE,16.99,0.0,49,2022-1,2026-12,2026-04-09,16.99,100.0,conveniencia
SCHWEPPS CITRUS 1.5LTS,REFRIGERANTE,16.99,7.9308,49,2022-1,2026-12,2026-05-07,9.06,53.3,conveniencia
SCHWEPPS CITRUS LATA 350ML,REFRIGERANTE,7.99,3.3919,37,2022-1,2026-11,2026-04-14,4.6,57.6,conveniencia
SCHWEPPS CITRUS ORIGINAL 350ML,REFRIGERANTE,7.99,3.4139,1,2026-1,2026-1,2026-05-10,4.58,57.3,conveniencia
SPRITE FRESH 510ML,REFRIGERANTE,5.99,2.9239,20,2022-1,2023-11,2026-05-09,3.07,51.3,conveniencia
SPRITE LATA 220ML,REFRIGERANTE,3.99,1.8867,28,2022-1,2024-12,2026-05-10,2.1,52.6,conveniencia
SPRITE MINI PET 200ML,REFRIGERANTE,3.99,1.5133,49,2022-1,2026-12,2026-04-24,2.48,62.2,conveniencia
SUKITA LARANJA 2LTS,REFRIGERANTE,11.99,5.9026,1,2026-5,2026-5,2026-04-29,6.09,50.8,conveniencia
CHEETOS LUA PARMESAO 80G,SALGADO ASSADO/FRITO,13.99,7.4427,48,2022-1,2026-12,2026-05-07,6.55,46.8,conveniencia
CHEETOS MIX DE QUEIJOS 70G,SALGADO ASSADO/FRITO,13.99,7.6279,48,2022-1,2026-12,2026-05-04,6.36,45.5,conveniencia
CROISSANT 7 DAYS CHOCOLATE 45G,SALGADO ASSADO/FRITO,8.99,3.99,47,2022-1,2026-12,2026-02-28,5.0,55.6,conveniencia
FANDANGOS PRESUNTO 85G,SALGADO ASSADO/FRITO,11.99,6.4239,48,2022-1,2026-12,2026-05-10,5.57,46.5,conveniencia
SANDUICHE NATURAL MANIA LANCHE 3 QUEIJOS,SANDUÍCHE,14.9,9.6,16,2022-2,2024-9,2026-05-10,5.3,35.6,conveniencia
SANDUICHE NATURAL MANIA LANCHES ATUM 140GR,SANDUÍCHE,14.9,9.6,14,2022-2,2025-9,2026-05-08,5.3,35.6,conveniencia
SANDUICHE NATURAL MANIA LANCHES FILE DE FRANGO 160GR,SANDUÍCHE,14.9,9.6,12,2022-2,2024-9,2026-05-08,5.3,35.6,conveniencia
SANDUICHE NATURAL MANIA LANCHES PEITO DE PERU C/TOMATE SECO,SANDUÍCHE,14.9,9.6,13,2022-2,2024-9,2026-05-10,5.3,35.6,conveniencia
SANDUICHE NATURAL MANIA LANCHES SALAME COM PROVOLONE 140GR,SANDUÍCHE,14.9,9.6,12,2022-2,2024-9,2026-05-09,5.3,35.6,conveniencia
BATATA FRITA LAYS SALT E VINEGAR 70G,SNACK DIVERSOS,13.99,7.684,49,2022-1,2026-12,2026-01-06,6.31,45.1,conveniencia
BATATA FRITA LISA KELECK BARBECUE 90G,SNACK DIVERSOS,8.99,4.49,49,2022-1,2026-12,2026-04-18,4.5,50.1,conveniencia
BATATA FRITA LISA KELECK CEBOLA E SALSA 90G,SNACK DIVERSOS,8.99,4.49,48,2022-1,2026-12,2026-05-08,4.5,50.1,conveniencia
BATATA FRITA LISA KELECK NATURAL 90G,SNACK DIVERSOS,8.99,4.49,49,2022-1,2026-12,2026-04-27,4.5,50.1,conveniencia
BATATA FRITA LISA KELEEK CHURRASCO 90G,SNACK DIVERSOS,8.99,4.49,48,2022-1,2026-12,2026-05-02,4.5,50.1,conveniencia
BATATA LAYS CLASSICO 62G,SNACK DIVERSOS,13.99,7.3625,49,2022-1,2026-12,2026-05-10,6.63,47.4,conveniencia
BATATA LAYS COPA PICANHA 62G,SNACK DIVERSOS,13.99,7.2871,49,2022-1,2026-12,2026-05-09,6.7,47.9,conveniencia
BATATA LAYS COPA QUEIJO CAMEMBERT 62G,SNACK DIVERSOS,13.99,7.6333,50,2022-1,2026-12,2026-04-18,6.36,45.5,conveniencia
BATATA LAYS SENSACOES FRANGO GRELHADO 35G,SNACK DIVERSOS,9.99,4.618,49,2022-1,2026-12,2026-05-08,5.37,53.8,conveniencia
BATATA LAYS SOUR CREAM 62G,SNACK DIVERSOS,13.99,7.3625,50,2022-1,2026-12,2026-05-10,6.63,47.4,conveniencia
BATATA LAYS TACO MEXICANO 62G,SNACK DIVERSOS,13.99,7.77,50,2022-1,2026-12,2026-04-18,6.22,44.5,conveniencia
BATATA PRINGLES STRANGER THINGS BACON 100G,SNACK DIVERSOS,19.99,10.9067,50,2022-1,2026-12,2025-12-21,9.08,45.4,conveniencia
CEBOLITOS 36G,SNACK DIVERSOS,6.63,3.2846,77,2022-1,2026-12,2026-05-09,3.34,50.4,conveniencia
EBICEN SALGADINHO SABOR CAMARAO 30G,SNACK DIVERSOS,4.99,2.624,28,2022-1,2026-12,2025-12-30,2.37,47.5,conveniencia
EBICEN SALGADINHO SABOR CEBOLA 30G,SNACK DIVERSOS,4.99,2.638,31,2022-1,2026-12,2026-01-05,2.35,47.1,conveniencia
KELECK BATATA FRITA PEPERONI 90G,SNACK DIVERSOS,8.99,4.49,48,2022-1,2026-12,2026-05-05,4.5,50.1,conveniencia
PINGO D OURO BACON 76G,SNACK DIVERSOS,8.99,4.5912,32,2022-1,2026-12,2026-03-01,4.4,48.9,conveniencia
PURURUCA MILHO PICANTE KELECK 90G,SNACK DIVERSOS,5.99,2.99,48,2022-1,2026-12,2026-05-06,3.0,50.1,conveniencia
SALGADINHO CHEEZ IT PARMESSAO SNACK 65G,SNACK DIVERSOS,4.99,0.0,49,2022-1,2026-12,2026-02-07,4.99,100.0,conveniencia
SALGADINHO CHEEZ IT SNAPD NACHO EXPLOSION 45G,SNACK DIVERSOS,4.99,2.906,50,2022-1,2026-12,2026-02-26,2.08,41.7,conveniencia
SALGADINHO CHEEZ IT SNAPD QUEIJO 45G,SNACK DIVERSOS,4.99,2.7922,48,2022-1,2026-12,2026-03-05,2.2,44.1,conveniencia
SALGADINHO KELECK BACON 60G,SNACK DIVERSOS,4.99,2.4,48,2022-1,2026-12,2026-05-07,2.59,51.9,conveniencia
SALGADINHO POINT BACON 60G,SNACK DIVERSOS,3.99,2.0308,28,2022-1,2026-12,2025-12-31,1.96,49.1,conveniencia
SALGADINHO TOP SNACKS COSTELINHA COM LIMAO 51G,SNACK DIVERSOS,4.99,2.4,50,2022-1,2026-12,2026-04-24,2.59,51.9,conveniencia
YOKITOS ANEIS CEBOLA 54GR,SNACK DIVERSOS,5.99,2.6894,31,2022-1,2026-12,2026-04-28,3.3,55.1,conveniencia
YOKITOS CONCHINHAS PRESUNTO 54GR,SNACK DIVERSOS,5.99,2.6314,33,2022-1,2026-12,2026-04-25,3.36,56.1,conveniencia
YOKITOS REDINHA QUEIJO 45GR,SNACK DIVERSOS,5.99,2.8631,47,2022-1,2026-12,2026-03-22,3.13,52.3,conveniencia
BACONZITOS 34G,SNACK ELMA CHIPS,5.99,3.079,30,2022-1,2026-12,2026-02-20,2.91,48.6,conveniencia
BACONZITOS 86G,SNACK ELMA CHIPS,13.99,7.7446,26,2022-1,2024-12,2026-05-09,6.25,44.7,conveniencia
BATATA ELMA CHIPS SENSACOES PEITO PERU 35G,SNACK ELMA CHIPS,9.99,4.618,49,2022-1,2026-12,2026-05-08,5.37,53.8,conveniencia
BATATA RUFFLES CEBOLA E SALSA 32G,SNACK ELMA CHIPS,6.55,3.2923,88,2022-1,2026-12,2026-04-14,3.25,49.6,conveniencia
BATATA RUFFLES CEBOLA E SALSA 68G,SNACK ELMA CHIPS,13.99,7.7011,38,2022-1,2025-12,2026-05-07,6.29,45.0,conveniencia
BATATA RUFFLES CHURRASCO 32G,SNACK ELMA CHIPS,6.99,3.47,50,2022-1,2026-12,2026-05-10,3.52,50.4,conveniencia
BATATA RUFFLES ORIGINAL 32G,SNACK ELMA CHIPS,5.99,2.8844,42,2022-1,2026-12,2026-03-18,3.11,51.9,conveniencia
BATATA RUFFLES SOUR CREAM E CEBOLA 100G,SNACK ELMA CHIPS,15.99,8.99,41,2022-1,2026-12,2026-04-16,7.0,43.8,conveniencia
BATATA RUFFLES TUBO ORIGINAL 100G,SNACK ELMA CHIPS,15.99,8.6282,36,2022-1,2026-12,2026-05-06,7.36,46.0,conveniencia
CEBOLITOS 45G,SNACK ELMA CHIPS,5.99,2.9462,50,2022-1,2026-12,2024-10-07,3.04,50.8,conveniencia
CEBOLITOS 91G,SNACK ELMA CHIPS,13.99,7.5915,76,2022-1,2026-12,2026-05-06,6.4,45.7,conveniencia
CHEETOS ASSADO BOLA QUEIJO SUICO 34G,SNACK ELMA CHIPS,5.99,3.09,49,2022-1,2026-12,2026-05-07,2.9,48.4,conveniencia
CHEETOS ASSADO BOLA QUEIJO SUICO 37G,SNACK ELMA CHIPS,5.99,2.5042,43,2022-1,2026-12,2026-04-22,3.49,58.3,conveniencia
CHEETOS ASSADO LUA QUEIJO 40G,SNACK ELMA CHIPS,5.99,3.0147,41,2022-1,2026-12,2026-02-16,2.98,49.7,conveniencia
CHEETOS ASSADO MIX QUEIJO 41G,SNACK ELMA CHIPS,5.99,3.0633,40,2022-1,2026-12,2026-03-14,2.93,48.9,conveniencia
CHEETOS CRUNCHY PIMENTA MEXICANA 47G,SNACK ELMA CHIPS,5.99,1.854,50,2022-1,2026-12,2026-01-16,4.14,69.1,conveniencia
CHEETOS LUA PARMESAO 34G,SNACK ELMA CHIPS,5.99,3.0871,49,2022-1,2026-12,2026-05-09,2.9,48.4,conveniencia
CHEETOS LUA PARMESAO 95G,SNACK ELMA CHIPS,13.99,7.5958,29,2022-1,2026-12,2026-02-27,6.39,45.7,conveniencia
CHEETOS MIX DE QUEIJOS 34G,SNACK ELMA CHIPS,5.99,3.085,48,2022-1,2026-12,2026-05-08,2.9,48.4,conveniencia
CHEETOS MIX DE QUEIJOS 82G,SNACK ELMA CHIPS,13.99,6.84,35,2022-1,2026-12,2026-03-13,7.15,51.1,conveniencia
CHEETOS ONDA 45G,SNACK ELMA CHIPS,5.99,2.8485,40,2022-1,2026-12,2026-03-20,3.14,52.4,conveniencia
CHEETOS ONDA REQUEIJAO 105G,SNACK ELMA CHIPS,13.99,6.8127,27,2022-1,2026-12,2026-03-11,7.18,51.3,conveniencia
CHEETOS ONDA REQUEIJAO 39G,SNACK ELMA CHIPS,5.99,3.085,49,2022-1,2026-12,2026-04-27,2.9,48.4,conveniencia
CHEETOS ONDA REQUEIJÃO 90G,SNACK ELMA CHIPS,13.99,6.1708,49,2022-1,2026-12,2026-04-13,7.82,55.9,conveniencia
DORITOS DINAMITA PIMENTA MEXICANA 60G,SNACK ELMA CHIPS,6.99,3.4267,36,2022-1,2026-12,2026-03-21,3.56,50.9,conveniencia
DORITOS DINAMITE FLAMIN HOT 60G,SNACK ELMA CHIPS,6.99,3.4267,29,2022-1,2025-12,2026-05-01,3.56,50.9,conveniencia
DORITOS KETCHUP 37G,SNACK ELMA CHIPS,6.99,3.5675,40,2022-1,2026-12,2026-02-25,3.42,48.9,conveniencia
DORITOS PIZZA ROCK IN RIO 48G,SNACK ELMA CHIPS,6.99,3.81,27,2022-1,2026-12,2026-04-26,3.18,45.5,conveniencia
DORITOS QUEIJO NACHO 120G,SNACK ELMA CHIPS,19.99,8.6278,25,2022-1,2024-12,2026-05-09,11.36,56.8,conveniencia
DORITOS QUEIJO NACHO 37G,SNACK ELMA CHIPS,6.99,3.5702,26,2022-1,2026-12,2026-04-26,3.42,48.9,conveniencia
DORITOS QUEIJO NACHO 75G,SNACK ELMA CHIPS,12.99,6.8431,50,2022-1,2026-12,2026-05-10,6.15,47.3,conveniencia
DORITOS SWEET CHILLI 37G,SNACK ELMA CHIPS,6.99,3.7875,38,2022-1,2026-12,2026-04-16,3.2,45.8,conveniencia
FANDANGOS PRESUNTO 105G,SNACK ELMA CHIPS,12.99,6.9478,28,2022-1,2026-12,2026-02-23,6.04,46.5,conveniencia
FANDANGOS PRESUNTO 37G,SNACK ELMA CHIPS,4.74,2.5898,64,2022-1,2026-12,2026-05-08,2.15,45.4,conveniencia
FANDANGOS QUEIJO 105G,SNACK ELMA CHIPS,12.99,6.7977,39,2022-1,2026-12,2026-03-09,6.19,47.7,conveniencia
FANDANGOS QUEIJO 37G,SNACK ELMA CHIPS,4.62,2.4968,78,2022-1,2026-12,2026-05-04,2.12,45.9,conveniencia
FANDANGOS QUEIJO 85G,SNACK ELMA CHIPS,11.99,6.96,49,2022-1,2026-12,2026-04-24,5.03,42.0,conveniencia
LAY'S CLASSICA 70G,SNACK ELMA CHIPS,13.99,7.3279,26,2022-1,2026-12,2026-04-03,6.66,47.6,conveniencia
LAY'S SOUR CREAM 70G,SNACK ELMA CHIPS,13.99,4.764,27,2022-1,2026-12,2026-03-20,9.23,66.0,conveniencia
PRINGLES BATATA QUEIJO 109G,SNACK ELMA CHIPS,19.99,11.51,25,2022-1,2026-11,2026-04-28,8.48,42.4,conveniencia
RUFFLES CHURRASCO 32G,SNACK ELMA CHIPS,5.99,2.7432,41,2022-1,2026-12,2026-03-16,3.25,54.3,conveniencia
RUFFLES CHURRASCO 68GR,SNACK ELMA CHIPS,13.99,7.5932,40,2022-1,2026-12,2026-04-09,6.4,45.7,conveniencia
RUFFLES ORIGINAL 68G,SNACK ELMA CHIPS,13.99,7.4062,39,2022-1,2026-12,2026-04-26,6.58,47.0,conveniencia
RUFFLES PIMENTA MEXICANA 30G,SNACK ELMA CHIPS,5.99,3.09,44,2022-1,2025-12,2026-05-04,2.9,48.4,conveniencia
RUFFLES SAL 115G,SNACK ELMA CHIPS,20.99,11.1787,37,2022-1,2026-12,2026-04-19,9.81,46.7,conveniencia
RUFFLES SAL 32G,SNACK ELMA CHIPS,6.99,3.4714,49,2022-1,2026-12,2026-05-10,3.52,50.4,conveniencia
SALGADINHO STIKSY ELMA CHIPS CLASSICO 76G,SNACK ELMA CHIPS,8.99,3.5243,28,2022-1,2024-12,2026-05-09,5.47,60.8,conveniencia
SENSAÇÕES SABOR FRANGO GRELHADO 40G,SNACK ELMA CHIPS,7.99,4.2275,11,2022-1,2026-9,2026-03-13,3.76,47.1,conveniencia
SENSAÇÕES SABOR PEITO DE PERU 40G,SNACK ELMA CHIPS,7.99,4.23,10,2022-2,2026-9,2026-03-10,3.76,47.1,conveniencia
SNACKS NUTELLA B READY 22G,SNACK ELMA CHIPS,6.99,3.8436,5,2023-1,2024-12,2026-05-08,3.15,45.1,conveniencia
PRINGLES BATATA CHURRASCO 109G,SNACK PRINGLES,19.99,11.5829,44,2022-1,2025-12,2026-05-07,8.41,42.1,conveniencia
PRINGLES BATATA CREME E CEBOLA 109G,SNACK PRINGLES,19.99,11.5788,16,2022-1,2023-11,2026-05-10,8.41,42.1,conveniencia
PRINGLES BATATA ORIGINAL 104G,SNACK PRINGLES,19.99,11.5809,16,2022-1,2023-11,2026-05-09,8.41,42.1,conveniencia
PRINGLES BATATA PIZZA CALABRESA 105G,SNACK PRINGLES,19.99,10.905,49,2022-1,2026-12,2025-12-24,9.09,45.5,conveniencia
SALGADINHO PÃO DE ALHO TORCIDA CHURRAS 60G,SNACK TORCIDA,3.99,1.5542,41,2022-1,2026-12,2025-11-20,2.44,61.2,conveniencia
SALGADINHO TORCIDA BACON 60G,SNACK TORCIDA,3.99,1.8009,27,2022-1,2024-12,2026-05-09,2.19,54.9,conveniencia
SALGADINHO TORCIDA CEBOLA 60G,SNACK TORCIDA,3.99,1.8,30,2022-1,2024-12,2026-05-07,2.19,54.9,conveniencia
SALGADINHO TORCIDA CHURRASCO 60G,SNACK TORCIDA,3.99,1.8,37,2022-1,2026-12,2026-03-15,2.19,54.9,conveniencia
SALGADINHO TORCIDA PIMENTA MEXICANA 60G,SNACK TORCIDA,3.99,1.8,31,2022-1,2025-12,2026-05-09,2.19,54.9,conveniencia
TORCIDA CHURRAS VINAGRETE 60G,SNACK TORCIDA,3.99,1.1115,41,2022-1,2026-12,2025-11-15,2.88,72.2,conveniencia
TORCIDA COSTELA C/ LIMAO 60G,SNACK TORCIDA,3.99,1.7608,33,2022-1,2026-12,2026-02-17,2.23,55.9,conveniencia
JUNDIÁ COPAO AÇAI 220GR,SORVETE JUNDIÁ,15.0,8.86,11,2023-4,2026-12,2026-04-09,6.14,40.9,conveniencia
PICOLE DUO MOUSSE DE MARACUJA E LIMAO 60G,SORVETE JUNDIÁ,11.5,2.5374,20,2022-1,2025-11,2026-05-06,8.96,77.9,conveniencia
PICOLE JUNDIA MAX PISTACHE 75G,SORVETE JUNDIÁ,14.5,9.6675,47,2022-1,2026-12,2026-05-04,4.83,33.3,conveniencia
PICOLE SABOR MORANGO COM RECHEIO CHANTILLY SPLIC JUNDIÁ 50G,SORVETE JUNDIÁ,7.5,3.5737,12,2022-2,2023-11,2026-05-06,3.93,52.4,conveniencia
"POTE FUZZY AÇAI COM GUARANA JUNDIA 1,5L",SORVETE JUNDIÁ,41.99,26.57,8,2023-3,2026-12,2026-04-14,15.42,36.7,conveniencia
SORVETE JUNDIA BOMBOM ACAI COM LEITINHO 105G,SORVETE JUNDIÁ,14.0,9.78,48,2022-1,2026-12,2026-04-09,4.22,30.1,conveniencia
SORVETE JUNDIA DADINHO 70G,SORVETE JUNDIÁ,10.5,5.7104,42,2022-1,2026-12,2026-04-25,4.79,45.6,conveniencia
SORVETE JUNDIA DADINHO MINI BOMBOM 105G,SORVETE JUNDIÁ,16.0,8.9625,45,2022-1,2025-12,2026-05-08,7.04,44.0,conveniencia
SORVETE JUNDIA FUZZY ACAI C/ LEITINHO 75G,SORVETE JUNDIÁ,13.5,8.21,47,2022-1,2026-12,2026-04-12,5.29,39.2,conveniencia
SORVETE JUNDIA MAX CHOCO MEIO AMARGO 75G,SORVETE JUNDIÁ,14.5,8.575,32,2022-1,2026-12,2025-09-28,5.93,40.9,conveniencia
SORVETE JUNDIA MAX CLASSICO 75G,SORVETE JUNDIÁ,14.5,8.4238,5,2024-3,2026-7,2026-05-06,6.08,41.9,conveniencia
SORVETE JUNDIA MAX DIVINE UN,SORVETE JUNDIÁ,14.5,8.5737,10,2022-2,2026-11,2026-04-22,5.93,40.9,conveniencia
SORVETE JUNDIA MAX PISTACHE MINI BOMBOM 105G,SORVETE JUNDIÁ,16.75,10.7833,44,2022-1,2025-12,2026-05-07,5.97,35.6,conveniencia
SORVETE JUNDIA SABOR MAX TRUFADINHO 70G,SORVETE JUNDIÁ,14.5,8.4758,23,2022-2,2026-12,2026-01-13,6.02,41.5,conveniencia
SORVETE JUNDIÁ ABACAXI AO VINHO 2LTS,SORVETE JUNDIÁ,41.99,24.0,24,2022-2,2026-11,2026-04-30,17.99,42.8,conveniencia
SORVETE JUNDIÁ ACAI C/GUARANA 60G,SORVETE JUNDIÁ,9.5,4.88,37,2022-1,2026-12,2025-10-25,4.62,48.6,conveniencia
SORVETE JUNDIÁ BOMBOM 2LTS,SORVETE JUNDIÁ,41.99,24.0,17,2023-1,2026-12,2026-04-06,17.99,42.8,conveniencia
SORVETE JUNDIÁ BRIGADEIRO 2LTS,SORVETE JUNDIÁ,41.99,24.0,41,2022-1,2026-12,2026-04-30,17.99,42.8,conveniencia
SORVETE JUNDIÁ CHOCOBAR,SORVETE JUNDIÁ,10.5,5.7034,5,2022-3,2023-10,2026-05-09,4.8,45.7,conveniencia
SORVETE JUNDIÁ CHOCOLATE 2LTS,SORVETE JUNDIÁ,41.99,25.9,48,2022-1,2026-12,2025-09-21,16.09,38.3,conveniencia
SORVETE JUNDIÁ COCO BRANCO 2LTS,SORVETE JUNDIÁ,41.99,26.8,47,2022-1,2026-12,2025-12-26,15.19,36.2,conveniencia
SORVETE JUNDIÁ COOKIE AND CREAM,SORVETE JUNDIÁ,14.5,8.5746,17,2022-1,2026-11,2026-05-07,5.93,40.9,conveniencia
SORVETE JUNDIÁ COPAO RADICAL FLOCOS,SORVETE JUNDIÁ,15.0,7.6883,3,2024-4,2025-12,2026-05-08,7.31,48.7,conveniencia
SORVETE JUNDIÁ COPAO RADICAL NAPOLITANO,SORVETE JUNDIÁ,15.0,7.6898,9,2024-2,2026-12,2026-03-30,7.31,48.7,conveniencia
SORVETE JUNDIÁ CREME 2LTS,SORVETE JUNDIÁ,41.99,24.0,42,2022-1,2026-12,2025-12-31,17.99,42.8,conveniencia
"SORVETE JUNDIÁ FASCINO CHOC C/ AVELA 1,5L",SORVETE JUNDIÁ,43.99,24.54,8,2022-3,2026-11,2026-04-25,19.45,44.2,conveniencia
"SORVETE JUNDIÁ FASCINO COLLECTION TORTA LIMAO 1,5L",SORVETE JUNDIÁ,43.99,23.675,26,2023-1,2026-12,2026-03-08,20.31,46.2,conveniencia
"SORVETE JUNDIÁ FASCINO COLLECTION TRUF. BIANCO 1,5L",SORVETE JUNDIÁ,43.99,24.54,10,2022-2,2026-10,2026-04-11,19.45,44.2,conveniencia
"SORVETE JUNDIÁ FASCINO FRUTAS VERMELHAS 1,5L",SORVETE JUNDIÁ,43.99,24.54,12,2023-2,2026-12,2026-04-07,19.45,44.2,conveniencia
SORVETE JUNDIÁ FASCINO GRANCONE 70G,SORVETE JUNDIÁ,14.75,8.7519,16,2022-1,2026-12,2026-03-31,6.0,40.7,conveniencia
SORVETE JUNDIÁ FASCINO NATA/CHOCOLATE,SORVETE JUNDIÁ,16.0,8.4617,2,2025-7,2025-8,2026-05-10,7.54,47.1,conveniencia
SORVETE JUNDIÁ FASCINO NATA/MORANGO,SORVETE JUNDIÁ,16.0,8.4618,1,2026-5,2026-5,2026-04-25,7.54,47.1,conveniencia
"SORVETE JUNDIÁ FASCINO PIPOCA 1,5L",SORVETE JUNDIÁ,43.99,23.6758,49,2022-1,2026-12,2026-01-15,20.31,46.2,conveniencia
"SORVETE JUNDIÁ FASCINO TRUFADINHO 1,5LT",SORVETE JUNDIÁ,43.99,24.54,4,2023-4,2026-8,2026-03-07,19.45,44.2,conveniencia
"SORVETE JUNDIÁ FASCINO TRUFATINE 1,5L",SORVETE JUNDIÁ,43.99,24.54,19,2022-2,2026-12,2026-02-11,19.45,44.2,conveniencia
SORVETE JUNDIÁ FLOCOS 2LTS,SORVETE JUNDIÁ,41.99,24.0,10,2025-2,2026-12,2026-05-10,17.99,42.8,conveniencia
SORVETE JUNDIÁ FRUTA LIMAO,SORVETE JUNDIÁ,8.5,3.7457,9,2023-3,2026-12,2026-04-17,4.75,55.9,conveniencia
SORVETE JUNDIÁ FRUTA UVA,SORVETE JUNDIÁ,8.5,3.6857,7,2022-1,2026-11,2026-05-09,4.81,56.6,conveniencia
SORVETE JUNDIÁ MAX BROWNIE 75GR,SORVETE JUNDIÁ,14.5,8.575,9,2023-3,2026-9,2026-04-06,5.93,40.9,conveniencia
SORVETE JUNDIÁ MEXX MORANGO C/LEITE COND.110GR,SORVETE JUNDIÁ,15.5,9.82,41,2022-1,2025-12,2026-05-07,5.68,36.6,conveniencia
SORVETE JUNDIÁ MILHO VERDE 2LTS,SORVETE JUNDIÁ,41.99,24.0,42,2022-1,2026-12,2025-12-25,17.99,42.8,conveniencia
SORVETE JUNDIÁ MILK CHOCOLATE 60GR,SORVETE JUNDIÁ,10.0,4.6156,13,2023-2,2026-12,2026-04-29,5.38,53.8,conveniencia
SORVETE JUNDIÁ MILK COCO BRANCO,SORVETE JUNDIÁ,9.0,4.0817,2,2024-6,2024-8,2026-05-06,4.92,54.7,conveniencia
SORVETE JUNDIÁ MILK MILHO VERDE 60GR,SORVETE JUNDIÁ,9.0,4.1117,6,2023-1,2026-11,2026-05-03,4.89,54.3,conveniencia
SORVETE JUNDIÁ NAPOLITANO,SORVETE JUNDIÁ,11.5,4.7875,12,2024-1,2026-10,2026-04-30,6.71,58.3,conveniencia
SORVETE JUNDIÁ NAPOLITANO 2LTS,SORVETE JUNDIÁ,43.99,16.0,11,2023-1,2026-10,2026-04-05,27.99,63.6,conveniencia
SORVETE JUNDIÁ PICOLE AZULOKO,SORVETE JUNDIÁ,5.5,2.3453,26,2022-1,2026-12,2026-04-30,3.15,57.3,conveniencia
SORVETE JUNDIÁ PICOLE BRICOLE,SORVETE JUNDIÁ,10.5,5.7076,1,2022-2,2022-2,2026-05-06,4.79,45.6,conveniencia
SORVETE JUNDIÁ PICOLE JUNDMAX AVELA,SORVETE JUNDIÁ,14.5,8.0944,2,2025-5,2026-7,2026-04-30,6.41,44.2,conveniencia
SORVETE JUNDIÁ PICOLE JUNDMAX CHOCOLATE BRANCO,SORVETE JUNDIÁ,14.5,8.575,8,2023-1,2025-12,2026-05-01,5.93,40.9,conveniencia
SORVETE JUNDIÁ PICOLE TRES CHOCOLATES,SORVETE JUNDIÁ,11.5,4.7875,19,2023-2,2026-12,2026-04-30,6.71,58.3,conveniencia
SORVETE JUNDIÁ SKIMO MINI 150G,SORVETE JUNDIÁ,16.0,9.2717,18,2022-1,2026-11,2026-04-26,6.73,42.1,conveniencia
SORVETE JUNDIÁ TRES CHOCOLATES 2LT,SORVETE JUNDIÁ,41.99,24.0,14,2023-2,2026-11,2026-01-25,17.99,42.8,conveniencia
SORVETE MY LITTLE PONY BAUNILHA MORANGO E UVA 50G,SORVETE JUNDIÁ,8.75,4.4738,32,2022-1,2026-12,2026-05-06,4.28,48.9,conveniencia
KIBON BRIGADEIRO,SORVETE KIBON,13.9,7.3832,1,2025-8,2025-8,2026-05-06,6.52,46.9,conveniencia
KIBON CHICABON PALITO,SORVETE KIBON,12.9,6.9595,2,2025-2,2025-5,2026-05-09,5.94,46.0,conveniencia
KIBON CORNETTO BRIGADEIRO 65G,SORVETE KIBON,16.9,10.6911,32,2022-1,2026-12,2025-10-17,6.21,36.7,conveniencia
KIBON CORNETTO CHOCOMIX 65G,SORVETE KIBON,9.99,7.8893,46,2022-1,2025-12,2026-05-09,2.1,21.0,conveniencia
KIBON CORNETTO CROCANTE 90ML,SORVETE KIBON,16.9,7.8717,1,2025-8,2025-8,2026-05-09,9.03,53.4,conveniencia
KIBON CORNETTO MMS,SORVETE KIBON,16.9,10.8842,1,2024-6,2024-6,2026-05-09,6.02,35.6,conveniencia
KIBON CR/CHOCO/FLOCOS 2LT,SORVETE KIBON,49.99,28.965,21,2022-2,2026-11,2026-04-05,21.02,42.0,conveniencia
"KIBON CREMOSISSIMO CHOCOLATE 1,5L",SORVETE KIBON,39.99,21.8975,49,2022-1,2026-12,2026-01-11,18.09,45.2,conveniencia
KIBON CREMOSISSIMO CHOCOLEITE 4 EM 1 2LTS,SORVETE KIBON,49.99,28.965,25,2022-1,2026-12,2026-04-13,21.02,42.0,conveniencia
"KIBON CREMOSISSIMO FLOCOS 1,5L",SORVETE KIBON,39.99,21.8953,17,2023-1,2026-12,2026-03-14,18.09,45.2,conveniencia
KIBON CREMOSISSIMO NAPOLITANO,SORVETE KIBON,39.99,21.8975,23,2022-1,2026-12,2026-03-15,18.09,45.2,conveniencia
KIBON CREMOSISSIMO NAPOLITANO ESPEC 2LTS,SORVETE KIBON,49.99,28.965,17,2022-1,2026-11,2026-04-26,21.02,42.0,conveniencia
KIBON ESKIBON,SORVETE KIBON,12.9,5.6922,22,2022-1,2026-11,2026-04-22,7.21,55.9,conveniencia
KIBON FRUTAS TROPICAIS 2L,SORVETE KIBON,49.99,28.965,36,2022-1,2026-12,2026-05-10,21.02,42.0,conveniencia
KIBON FRUTILLY CHICLETE PINTA LINGUA 40G,SORVETE KIBON,7.9,1.1646,46,2022-1,2025-12,2026-05-04,6.74,85.3,conveniencia
KIBON FRUTILLY MORANGO NAPOLITANO,SORVETE KIBON,8.9,4.1808,2,2023-1,2024-2,2026-05-08,4.72,53.0,conveniencia
KIBON FRUTTARE ABACAXI,SORVETE KIBON,10.9,0.0,45,2022-1,2025-12,2026-05-06,10.9,100.0,conveniencia
KIBON FRUTTARE COCO,SORVETE KIBON,10.9,5.7404,7,2022-4,2026-11,2026-04-09,5.16,47.3,conveniencia
KIBON FRUTTARE LIMAO 58ML,SORVETE KIBON,10.9,5.5665,5,2023-4,2025-9,2026-05-06,5.33,48.9,conveniencia
KIBON FRUTTARE TANGERINA 59G,SORVETE KIBON,10.9,6.2164,47,2022-1,2026-12,2026-03-24,4.68,42.9,conveniencia
KIBON FRUTTARE UVA,SORVETE KIBON,10.9,6.0197,3,2025-4,2026-7,2026-03-28,4.88,44.8,conveniencia
KIBON MAGNUM AMENDOAS 72G,SORVETE KIBON,19.9,13.7225,22,2022-1,2026-11,2026-04-06,6.18,31.1,conveniencia
KIBON MAGNUM BOMBOM COOKIES E CREAM 85G,SORVETE KIBON,22.9,15.4817,46,2022-1,2025-12,2026-05-10,7.42,32.4,conveniencia
KIBON MAGNUM CHOCOLATE BRANCO,SORVETE KIBON,19.9,13.1917,1,2025-8,2025-8,2026-05-07,6.71,33.7,conveniencia
KIBON MAGNUM CLASSICO,SORVETE KIBON,19.9,13.4394,12,2022-1,2025-11,2026-05-05,6.46,32.5,conveniencia
KIBON MAGNUM COOKIES CREAM,SORVETE KIBON,19.9,13.9956,7,2022-1,2023-11,2026-05-09,5.9,29.6,conveniencia
KIBON MAGNUM MINI BITES CLASS 92G,SORVETE KIBON,22.9,15.5607,14,2022-1,2026-11,2025-12-24,7.34,32.1,conveniencia
KIBON MAGNUM PISTACHE 64G,SORVETE KIBON,21.9,14.7812,41,2022-1,2026-12,2026-04-30,7.12,32.5,conveniencia
KIBON MAGNUM PRALINE 69G,SORVETE KIBON,19.9,13.9871,3,2023-3,2025-9,2026-05-08,5.91,29.7,conveniencia
KIBON MAGNUM ZERO CHOCOLATE 90ML,SORVETE KIBON,19.9,13.6052,17,2022-1,2026-12,2026-05-07,6.29,31.6,conveniencia
KIBON MESCLADIN COCO E CHOCOLATE 63G,SORVETE KIBON,9.9,2.2022,22,2022-1,2026-12,2025-04-13,7.7,77.8,conveniencia
KIBON NUTABLITO MAX AVELA 64G,SORVETE KIBON,12.9,7.7572,6,2022-2,2022-7,2026-05-09,5.14,39.8,conveniencia
KIBON OS FAVORITOS MINI MORANGO 92G,SORVETE KIBON,17.9,11.6692,35,2022-1,2026-12,2026-05-08,6.23,34.8,conveniencia
KIBON SNICKERS 800ML,SORVETE KIBON,42.99,28.1775,31,2022-1,2026-12,2026-04-18,14.81,34.4,conveniencia
KIBON SORVETE MINI CHICABOM 92G,SORVETE KIBON,17.9,11.6692,41,2022-1,2026-12,2026-05-10,6.23,34.8,conveniencia
"KIBON SUNDAE CHOCOLATE 1,4L",SORVETE KIBON,49.99,31.9975,36,2022-1,2026-12,2026-03-08,17.99,36.0,conveniencia
"KIBON SUNDAE LEITE NINHO TRUFADO 1,4L",SORVETE KIBON,49.99,31.9975,31,2022-1,2026-12,2026-03-29,17.99,36.0,conveniencia
KIBON TABLITO 800ML,SORVETE KIBON,42.99,28.1775,16,2023-1,2026-11,2026-05-01,14.81,34.4,conveniencia
KIBON UNICORNETTO 59G,SORVETE KIBON,16.9,10.8729,13,2022-2,2026-8,2026-04-26,6.03,35.7,conveniencia
SORVETE KIBON FRUTTARE MORANGO 55G,SORVETE KIBON,10.9,5.9257,22,2022-1,2025-12,2026-05-04,4.97,45.6,conveniencia
SORVETE KIBON MINI DOCE DE LEITE 92G,SORVETE KIBON,17.9,11.6685,30,2022-1,2026-12,2026-04-14,6.23,34.8,conveniencia
SORVETE KIBON TABLITO 3 CHOCOLATES 72G,SORVETE KIBON,12.9,7.8316,33,2022-1,2025-12,2026-05-06,5.07,39.3,conveniencia
PERFETTO PATRULHA CANINA 50G,SORVETE PERFETTO,8.75,4.4738,25,2022-1,2025-11,2026-05-08,4.28,48.9,conveniencia
SORVETE COOL KISS CHOCOLATE BELGA 500ML,SORVETE PERFETTO,43.99,29.5383,47,2022-1,2026-12,2026-02-11,14.45,32.8,conveniencia
SORVETE COOL KISS PISTACHIO 500ML,SORVETE PERFETTO,43.99,28.9833,42,2022-1,2026-12,2026-03-01,15.01,34.1,conveniencia
CIGARRO LUCKY STRIKE AN AMERICAN ORIGINAL,SOUZA CRUZ,12.0,10.83,43,2022-1,2026-12,2025-05-20,1.17,9.7,conveniencia
CIGARRO LUCKY STRIKE ORIGINAL MACO,SOUZA CRUZ,12.5,11.1179,33,2022-1,2025-12,2026-05-09,1.38,11.0,conveniencia
CIGARRO ROTHMANS OF LONDON,SOUZA CRUZ,9.0,5.5403,6,2022-2,2026-11,2026-04-27,3.46,38.4,conveniencia
DUNHILL BLUE BLEND BOX,SOUZA CRUZ,15.0,13.6451,40,2022-1,2026-12,2025-11-10,1.35,9.0,conveniencia
DUNHILL BLUE ON BOX,SOUZA CRUZ,12.5,11.3171,12,2022-1,2026-12,2025-10-19,1.18,9.4,conveniencia
DUNHILL CARLTON RED BLEND BOX,SOUZA CRUZ,15.0,13.6198,7,2025-1,2026-12,2025-10-12,1.38,9.2,conveniencia
DUNHILL IN BLUE BOX POS,SOUZA CRUZ,12.75,11.7552,43,2022-1,2025-12,2026-05-10,0.99,7.8,conveniencia
DUNHILL INSIGNIA FULL RED BOX,SOUZA CRUZ,12.75,11.1068,46,2022-1,2026-12,2026-05-03,1.64,12.9,conveniencia
DUNHILL INSIGNIA RED BOX,SOUZA CRUZ,12.75,11.76,43,2022-1,2025-12,2026-05-10,0.99,7.8,conveniencia
DUNHILL OF LONDON BLUE BLEND BOX,SOUZA CRUZ,15.0,13.8509,44,2022-1,2025-12,2026-05-10,1.15,7.7,conveniencia
DUNHILL OF LONDON CARLTON BLEND BOX,SOUZA CRUZ,15.0,13.8506,43,2022-1,2025-12,2026-05-10,1.15,7.7,conveniencia
DUNHILL RED ON BOX,SOUZA CRUZ,12.5,11.3116,12,2022-1,2026-12,2025-10-09,1.19,9.5,conveniencia
KENT RED SERIES BRA WILLIS,SOUZA CRUZ,12.75,11.776,49,2022-1,2026-12,2025-10-24,0.97,7.6,conveniencia
LUCK BLUE,SOUZA CRUZ,7.75,7.1561,27,2022-1,2024-12,2026-05-09,0.59,7.6,conveniencia
LUCK RED,SOUZA CRUZ,7.75,7.1561,19,2022-1,2023-11,2026-05-10,0.59,7.6,conveniencia
LUCKY STRIKE BIG CHILL,SOUZA CRUZ,12.75,11.7729,16,2022-1,2023-11,2026-05-10,0.98,7.7,conveniencia
LUCKY STRIKE BLUE AMERICAN ORIGINAL BOX,SOUZA CRUZ,12.5,11.542,47,2022-1,2026-12,2025-03-18,0.96,7.7,conveniencia
LUCKY STRIKE BLUE AMERICAN ORIGINAL MACO,SOUZA CRUZ,12.5,11.5239,28,2022-1,2024-12,2026-05-08,0.98,7.8,conveniencia
LUCKY STRIKE BLUE MAÇO,SOUZA CRUZ,12.5,10.9683,21,2024-1,2026-12,2024-11-02,1.53,12.2,conveniencia
LUCKY STRIKE DOUBLE FRESH,SOUZA CRUZ,12.75,11.773,51,2022-1,2026-12,2021-07-31,0.98,7.7,conveniencia
LUCKY STRIKE DOUBLE FROST,SOUZA CRUZ,12.75,11.773,38,2022-1,2025-12,2026-05-10,0.98,7.7,conveniencia
LUCKY STRIKE FRESH DOUBLE ICE 20UN,SOUZA CRUZ,13.25,12.4655,26,2022-1,2026-12,2025-07-21,0.78,5.9,conveniencia
LUCKY STRIKE FRESH DOUBLE ICE X,SOUZA CRUZ,12.75,11.5422,35,2022-1,2026-12,2025-10-26,1.21,9.5,conveniencia
LUCKY STRIKE ORIGINAL BLEND,SOUZA CRUZ,12.5,10.9562,21,2024-1,2026-12,2024-10-25,1.54,12.3,conveniencia
LUCKY STRIKE ORIGINAL BLEND MAÇO,SOUZA CRUZ,12.5,11.311,21,2022-1,2026-12,2024-11-28,1.19,9.5,conveniencia
LUCKY STRIKE RA PATTERSON BLUE,SOUZA CRUZ,7.75,6.775,46,2022-1,2026-12,2026-01-15,0.97,12.5,conveniencia
LUCKY STRIKE RED AMERICAN ORIGINAL,SOUZA CRUZ,12.5,11.542,28,2022-1,2024-12,2026-05-07,0.96,7.7,conveniencia
ROTHMANS BLUE BOX OF LONDON,SOUZA CRUZ,9.0,5.9301,45,2022-1,2026-12,2026-05-10,3.07,34.1,conveniencia
ROTHMANS BLUE BOX OF LONDON GLOBAL,SOUZA CRUZ,7.75,6.6175,60,2022-1,2026-12,2026-05-10,1.13,14.6,conveniencia
ROTHMANS BOX OF LONDON RED GLOBAL,SOUZA CRUZ,7.75,7.1561,32,2022-1,2024-12,2026-05-08,0.59,7.6,conveniencia
ROTHMANS INTERNACIONAL BLUE,SOUZA CRUZ,10.75,9.9263,4,2022-2,2022-5,2026-05-10,0.82,7.6,conveniencia
ROTHMANS OF LONDON BLUE BOX,SOUZA CRUZ,8.0,7.387,2,2022-1,2024-2,2026-05-09,0.61,7.6,conveniencia
ROTHMANS OF LONDON CLASSIC RED,SOUZA CRUZ,8.0,7.387,2,2022-2,2022-4,2026-05-10,0.61,7.6,conveniencia
ROTHMANS RED BOX OF LONDON GLOBAL,SOUZA CRUZ,7.75,6.4637,37,2022-1,2026-12,2025-02-11,1.29,16.6,conveniencia
ROTHMANS RED OF LONDON,SOUZA CRUZ,9.0,8.3105,28,2022-1,2024-12,2026-05-10,0.69,7.7,conveniencia
ROTHMANS RED SERIES BOX,SOUZA CRUZ,9.0,6.4637,25,2022-1,2026-12,2024-11-20,2.54,28.2,conveniencia
ROTHMANS SILVER MACO,SOUZA CRUZ,9.0,8.1304,49,2022-1,2026-12,2026-04-05,0.87,9.7,conveniencia
ROTHMANS SILVER OF LONDON,SOUZA CRUZ,9.0,8.3104,28,2022-1,2024-12,2026-05-10,0.69,7.7,conveniencia
ADES LARANJA TP 200ML,SUCO,4.99,2.3517,28,2022-1,2025-11,2026-05-06,2.64,52.9,conveniencia
ADES SOJA SUCO DE UVA 200 ML,SUCO,4.99,2.3517,30,2022-1,2026-12,2026-05-08,2.64,52.9,conveniencia
BEBIDA LACTEA UHT YOPRO ENERGY BOOST CAPPUCCINNO 15G,SUCO,14.99,7.49,45,2022-1,2026-12,2026-04-16,7.5,50.0,conveniencia
BEBIDA LACTEA YOPRO BANANA 250ML,SUCO,14.99,7.49,49,2022-1,2026-12,2026-04-27,7.5,50.0,conveniencia
BEBIDA LACTEA YOPRO CHOCOLATE 250ML,SUCO,14.99,7.49,20,2022-1,2024-12,2026-05-09,7.5,50.0,conveniencia
BEBIDA LACTEA YOPRO COCO/ BATATA DOCE 250ML,SUCO,14.99,7.49,49,2022-1,2026-12,2026-01-02,7.5,50.0,conveniencia
BEBIDA LACTEA YOPRO DOCE DE LEITE HAVANNA ZERO 250ML,SUCO,14.99,7.49,47,2022-1,2026-12,2026-05-06,7.5,50.0,conveniencia
BEBIDA LACTEA YOPRO MORANGO 15G PROTEINA 250ML,SUCO,14.99,7.49,19,2022-1,2025-11,2026-05-10,7.5,50.0,conveniencia
DEL VALLE FRUT LARANJA 1LT,SUCO,7.99,4.1673,37,2022-1,2025-12,2026-05-09,3.82,47.8,conveniencia
DEL VALLE FRUT LARANJA 250ML,SUCO,2.99,1.2617,45,2022-1,2026-12,2024-09-05,1.73,57.9,conveniencia
DEL VALLE FRUT LARANJA 450ML,SUCO,5.99,1.9094,1,2026-5,2026-5,2026-04-27,4.08,68.1,conveniencia
DEL VALLE FRUT UVA 1LT,SUCO,7.99,4.1555,36,2022-1,2025-12,2026-05-09,3.83,47.9,conveniencia
DEL VALLE FRUT UVA 450ML,SUCO,5.99,2.4216,1,2026-4,2026-4,2026-05-05,3.57,59.6,conveniencia
DEL VALLE GOIABA SEM ADIÇÃO DE AÇUCAR 290ML,SUCO,7.99,3.4221,4,2022-1,2026-8,2026-05-03,4.57,57.2,conveniencia
DEL VALLE LARANJA 1LT,SUCO,15.99,7.6483,40,2022-1,2026-12,2026-04-18,8.34,52.2,conveniencia
DEL VALLE UVA 1LT,SUCO,15.99,7.6483,47,2022-1,2026-12,2026-04-04,8.34,52.2,conveniencia
DEL VALLE UVA LIGHT 1LT,SUCO,15.99,7.6483,47,2022-1,2026-12,2026-02-21,8.34,52.2,conveniencia
FRAPPUCCINO STARBUCKS CLASSICO 280ML,SUCO,17.99,8.7783,33,2022-1,2026-12,2026-04-25,9.21,51.2,conveniencia
GUARAVITON AÇAI 500ML,SUCO,5.99,1.9151,4,2022-8,2023-10,2026-05-06,4.07,67.9,conveniencia
GUARAVITON GINSENG 500ML,SUCO,5.99,2.0305,3,2022-2,2023-10,2026-05-06,3.96,66.1,conveniencia
KAPO LARANJA 200ML,SUCO,4.99,0.0,47,2022-1,2026-12,2025-11-29,4.99,100.0,conveniencia
SUCO 100 SUCO DE LARANJA E MORANGO 200ML,SUCO,8.99,4.08,46,2022-1,2026-12,2026-03-05,4.91,54.6,conveniencia
SUCO DEL VALLE MANGA 290ML,SUCO,7.99,3.5383,6,2022-2,2022-7,2026-05-08,4.45,55.7,conveniencia
SUCO DEL VALLE SABOR LARANJA 200ML,SUCO,4.99,2.1339,36,2022-1,2025-12,2026-05-10,2.86,57.3,conveniencia
SUCO DEL VALLE UVA 200ML,SUCO,4.99,2.1531,36,2022-1,2025-12,2026-05-10,2.84,56.9,conveniencia
SUCO NATURAL ONE LARANJA 300ML,SUCO,12.99,4.89,43,2022-1,2026-12,2026-05-09,8.1,62.4,conveniencia
SUCO NATURAL ONE UVA E MAÇA 300ML,SUCO,5.99,4.89,36,2022-1,2025-12,2026-05-09,1.1,18.4,conveniencia
BARALHO COPAG 139,UTILIDADES DOMESTICAS,28.99,15.3163,33,2022-1,2025-12,2026-05-09,13.67,47.2,revisar
BARALHO COPAG DUNGA,UTILIDADES DOMESTICAS,19.99,9.82,51,2022-1,2026-12,,10.17,50.9,revisar
"LOCTITE SUPER BONDER ORIGINAL 3,6G",UTILIDADES DOMESTICAS,8.99,4.4215,39,2022-1,2026-12,2026-03-29,4.57,50.8,revisar
PARANA FOSFORO ECOLOGICO SEM ENXOFRE 200UN,UTILIDADES DOMESTICAS,2.99,2.3,39,2022-1,2026-12,2026-04-03,0.69,23.1,revisar
SACOLA KRAFT TAMANHO M COM CARINHO P/VC UN,UTILIDADES DOMESTICAS,4.5,1.44,39,2022-1,2026-12,2026-01-13,3.06,68.0,revisar
VINHO TINTO SUAVE PERGOLA 1LT,VINHO,39.99,13.25,48,2022-1,2026-12,2026-05-09,26.74,66.9,conveniencia
ABSOLUT VODKA SPRITE 269ML,VODKA,15.99,6.8517,46,2022-1,2026-12,2026-05-09,9.14,57.2,conveniencia
VODKA ORLOFF 1LT,VODKA,66.99,21.61,50,2022-1,2026-12,2026-03-26,45.38,67.7,conveniencia
VODKA SMIRNOFF ICE RED LONG NECK 275ML,VODKA,15.99,6.5796,43,2022-1,2025-12,2026-05-10,9.41,58.8,conveniencia
WHISKY JOHNNIE WALKER RED LABEL 1LT,WHISK,171.99,95.3,50,2022-1,2026-12,2022-12-09,76.69,44.6,conveniencia
WHISKY RED LABEL 750ML,WHISK,125.99,0.0,50,2022-1,2026-12,2026-03-17,125.99,100.0,conveniencia
WHISKY WHITE HORSE 1LT,WHISK,124.99,69.9,48,2022-1,2026-12,2025-10-19,55.09,44.1,conveniencia
AGUA DE COCO KERO COCO 330ML,ÁGUA DE COCO,9.99,4.7533,16,2022-2,2026-11,2026-03-20,5.24,52.5,conveniencia
